"File Path","/home/n50058614/workspace/vllm-project/PaperRevise/FlashKNN_ExpRepo/.venv/lib/python3.10/site-packages/torch/include/ATen/cuda/DeviceUtils.cuh"
"Function Name","void FlashKNN_Query_dynamic_load_kernel<float, (int)2, (int)5, (bool)0, (bool)1>(int *, T1 *, const T1 *, const int *, const int *, const int *, int, int, int, int, int, T1)"
"Line No","Source","Address","Source","launch__block_size","launch__grid_size","launch__registers_per_thread","launch__shared_mem_per_block"
"50","__device__ __forceinline__ T WARP_SHFL(T value, int srcLane, int width = warpSize, unsigned int mask = 0xffffffff)","-","-","0","0","0","0"
"","","0x7f200b30ad50","      IADD3 R8, R0, c[0x0][0x0], RZ","0","0","0","0"
"","","0x7f200b30ad60","      LOP3.LUT R13, R6, 0x1f, RZ, 0xc0, !PT","0","0","0","0"
"","","0x7f200b30ad70","      LOP3.LUT R9, R13, 0x1, RZ, 0x3c, !PT","0","0","0","0"
"","","0x7f200b30ad80","      LOP3.LUT R10, R13, 0x2, RZ, 0x3c, !PT","0","0","0","0"
"","","0x7f200b30ad90","      LOP3.LUT R11, R13, 0x4, RZ, 0x3c, !PT","0","0","0","0"
"","","0x7f200b30ada0","      LOP3.LUT R12, R13, 0x8, RZ, 0x3c, !PT","0","0","0","0"
"","","0x7f200b30adb0","      LOP3.LUT R13, R13, 0x10, RZ, 0x3c, !PT","0","0","0","0"
"53","return __shfl_sync(mask, value, srcLane, width);","-","-","0","0","0","0"
"","","0x7f200b30b6c0","      IMAD.MOV.U32 R5, RZ, RZ, -0x1","0","0","0","0"
"","","...","...","-","-","-","-"
"","","0x7f200b30bb00","      LOP3.LUT R43, R35, 0xffff, RZ, 0xc0, !PT","0","0","0","0"
"","","0x7f200b30bb10","      BRA.DIV ~URZ, 0x7f200b30d3e0","0","0","0","0"
"","","0x7f200b30bb20","      SHFL.IDX PT, R2, R43, R9, 0x1f","0","0","0","0"
"","","0x7f200b30bb30","      ISETP.NE.AND P0, PT, R2, RZ, PT","0","0","0","0"
"","","0x7f200b30bb40","      SEL R2, RZ, 0x1, !P0","0","0","0","0"
"","","...","...","-","-","-","-"
"","","0x7f200b30bb70","      SHFL.IDX PT, R2, R35, R10, 0x1f","0","0","0","0"
"","","0x7f200b30bb80","      ISETP.NE.AND P0, PT, R2, RZ, PT","0","0","0","0"
"","","...","...","-","-","-","-"
"","","0x7f200b30bbb0","      SEL R2, RZ, 0x1, !P0","0","0","0","0"
"","","0x7f200b30bbc0","      SHFL.IDX PT, R2, R2, R11, 0x1f","0","0","0","0"
"","","0x7f200b30bbd0","      ISETP.NE.AND P0, PT, R2, RZ, P0","0","0","0","0"
"","","0x7f200b30bbe0","      SEL R3, RZ, 0x1, !P0","0","0","0","0"
"","","0x7f200b30bbf0","      SHFL.IDX PT, R3, R3, R12, 0x1f","0","0","0","0"
"","","0x7f200b30bc00","      ISETP.NE.AND P0, PT, R3, RZ, P0","0","0","0","0"
"","","0x7f200b30bc10","      SEL R40, RZ, 0x1, !P0","0","0","0","0"
"","","0x7f200b30bc20","      SHFL.IDX PT, R40, R40, R13, 0x1f","0","0","0","0"
"","","0x7f200b30bc30","      ISETP.NE.AND P0, PT, R40, RZ, P0","0","0","0","0"
"","","0x7f200b30bc40","      SEL R35, RZ, 0x1, !P0","0","0","0","0"
"","","0x7f200b30bc50","      SHFL.IDX PT, R35, R35, RZ, 0x1f","0","0","0","0"
"","","0x7f200b30bc60","      ISETP.NE.AND P0, PT, R35, RZ, PT","0","0","0","0"
"","","0x7f200b30bc70","      BSSY B3, 0x7f200b30cfe0","0","0","0","0"
"","","...","...","-","-","-","-"
"","","0x7f200b30bd40","      BRA.DIV ~URZ, 0x7f200b30d650","0","0","0","0"
"","","0x7f200b30bd50","      SHFL.IDX PT, R33, R38, R39, 0x1f","0","0","0","0"
"","","0x7f200b30bd60","      BRA.DIV ~URZ, 0x7f200b30d6c0","0","0","0","0"
"","","0x7f200b30bd70","      ISETP.NE.AND P2, PT, R51, RZ, PT","0","0","0","0"
"","","...","...","-","-","-","-"
"","","0x7f200b30bdf0","      ISETP.NE.AND P4, PT, R49, RZ, PT","0","0","0","0"
"","","...","...","-","-","-","-"
"","","0x7f200b30be40","      SHFL.IDX PT, R2, R33, R35, 0x1f","0","0","0","0"
"","","...","...","-","-","-","-"
"","","0x7f200b30bef0","      SHFL.IDX PT, R3, R2, R39, 0x1f","0","0","0","0"
"","","...","...","-","-","-","-"
"","","0x7f200b30bf60","      ISETP.NE.AND P3, PT, R48, RZ, PT","0","0","0","0"
"","","...","...","-","-","-","-"
"","","0x7f200b30bfb0","      SHFL.IDX PT, R38, R3, R42, 0x1f","0","0","0","0"
"","","...","...","-","-","-","-"
"","","0x7f200b30c060","      SHFL.IDX PT, R3, R38, R35, 0x1f","0","0","0","0"
"","","...","...","-","-","-","-"
"","","0x7f200b30c110","      SHFL.IDX PT, R3, R2, R39, 0x1f","0","0","0","0"
"","","...","...","-","-","-","-"
"","","0x7f200b30c180","      ISETP.NE.AND P5, PT, R47, RZ, PT","0","0","0","0"
"","","...","...","-","-","-","-"
"","","0x7f200b30c1d0","      SHFL.IDX PT, R38, R3, R40, 0x1f","0","0","0","0"
"","","...","...","-","-","-","-"
"","","0x7f200b30c280","      SHFL.IDX PT, R2, R47, R42, 0x1f","0","0","0","0"
"","","...","...","-","-","-","-"
"","","0x7f200b30c330","      SHFL.IDX PT, R3, R2, R35, 0x1f","0","0","0","0"
"","","...","...","-","-","-","-"
"","","0x7f200b30c3e0","      SHFL.IDX PT, R3, R38, R39, 0x1f","0","0","0","0"
"","","...","...","-","-","-","-"
"","","0x7f200b30c490","      SHFL.IDX PT, R3, R2, R41, 0x1f","0","0","0","0"
"","","...","...","-","-","-","-"
"","","0x7f200b30c540","      SHFL.IDX PT, R38, R3, R40, 0x1f","0","0","0","0"
"","","...","...","-","-","-","-"
"","","0x7f200b30c600","      SHFL.IDX PT, R2, R49, R42, 0x1f","0","0","0","0"
"","","...","...","-","-","-","-"
"","","0x7f200b30c6c0","      SHFL.IDX PT, R3, R2, R35, 0x1f","0","0","0","0"
"","","...","...","-","-","-","-"
"","","0x7f200b30c780","      SHFL.IDX PT, R3, R38, R39, 0x1f","0","0","0","0"
"","","0x7f200b30c790","      P2R R50, PR, RZ, 0x4","0","0","0","0"
"","","0x7f200b30c7a0","      ISETP.NE.AND P2, PT, R51, RZ, PT","0","0","0","0"
"","","0x7f200b30c7b0","      P2R R51, PR, RZ, 0x4","0","0","0","0"
"","","0x7f200b30c7c0","      ISETP.NE.AND P2, PT, R52, RZ, PT","0","0","0","0"
"","","0x7f200b30c7d0","      P2R R52, PR, RZ, 0x4","0","0","0","0"
"","","0x7f200b30c7e0","      ISETP.NE.AND P2, PT, R53, RZ, PT","0","0","0","0"
"","","0x7f200b30c7f0","      P2R R53, PR, RZ, 0x4","0","0","0","0"
"","","0x7f200b30c800","      ISETP.NE.AND P2, PT, R54, RZ, PT","0","0","0","0"
"","","...","...","-","-","-","-"
"","","0x7f200b30c990","      SHFL.IDX PT, R3, R44, R41, 0x1f","0","0","0","0"
"","","...","...","-","-","-","-"
"","","0x7f200b30ca20","      SHFL.IDX PT, R5, R38, R40, 0x1f","0","0","0","0"
"","","...","...","-","-","-","-"
"","","0x7f200b30caf0","      SHFL.IDX PT, R33, R46, R39, 0x1f","0","0","0","0"
"","","...","...","-","-","-","-"
"","","0x7f200b30cb50","      SHFL.IDX PT, R43, R58, R35, 0x1f","0","0","0","0"
"","","...","...","-","-","-","-"
"","","0x7f200b30cb80","      SHFL.IDX PT, R43, R56, R39, 0x1f","0","0","0","0"
"","","...","...","-","-","-","-"
"","","0x7f200b30cbe0","      SHFL.IDX PT, R44, R37, R42, 0x1f","0","0","0","0"
"","","...","...","-","-","-","-"
"","","0x7f200b30cc10","      SHFL.IDX PT, R53, R44, R35, 0x1f","0","0","0","0"
"","","...","...","-","-","-","-"
"","","0x7f200b30cc40","      SHFL.IDX PT, R33, R46, R39, 0x1f","0","0","0","0"
"","","...","...","-","-","-","-"
"","","0x7f200b30cc70","      SHFL.IDX PT, R33, R52, R41, 0x1f","0","0","0","0"
"","","...","...","-","-","-","-"
"","","0x7f200b30cca0","      SHFL.IDX PT, R50, R33, R40, 0x1f","0","0","0","0"
"","","...","...","-","-","-","-"
"","","0x7f200b30ccc0","      SHFL.IDX PT, R50, R43, R42, 0x1f","0","0","0","0"
"","","...","...","-","-","-","-"
"","","0x7f200b30ccf0","      SHFL.IDX PT, R37, R50, R35, 0x1f","0","0","0","0"
"","","...","...","-","-","-","-"
"","","0x7f200b30cd10","      SHFL.IDX PT, R38, R5, R42, 0x1f","0","0","0","0"
"","","...","...","-","-","-","-"
"","","0x7f200b30cd40","      SHFL.IDX PT, R37, R44, R39, 0x1f","0","0","0","0"
"","","...","...","-","-","-","-"
"","","0x7f200b30cd90","      SHFL.IDX PT, R41, R46, R41, 0x1f","0","0","0","0"
"","","...","...","-","-","-","-"
"","","0x7f200b30cdc0","      SHFL.IDX PT, R40, R3, R40, 0x1f","0","0","0","0"
"","","...","...","-","-","-","-"
"","","0x7f200b30ce30","      SHFL.IDX PT, R44, R33, R42, 0x1f","0","0","0","0"
"","","...","...","-","-","-","-"
"","","0x7f200b30ce50","      SHFL.IDX PT, R5, R38, R35, 0x1f","0","0","0","0"
"","","...","...","-","-","-","-"
"","","0x7f200b30ce80","      SHFL.IDX PT, R3, R44, R35, 0x1f","0","0","0","0"
"","","...","...","-","-","-","-"
"","","0x7f200b30cf20","      SHFL.IDX PT, R41, R40, R39, 0x1f","0","0","0","0"
"","","0x7f200b30cf30","      SHFL.IDX PT, R3, R42, R39, 0x1f","0","0","0","0"
"","","...","...","-","-","-","-"
"","","0x7f200b30d420","      ISETP.NE.AND P0, PT, R44, RZ, PT","0","0","0","0"
"","","...","...","-","-","-","-"
"","","0x7f200b30d450","      SEL R2, RZ, 0x1, !P0","0","0","0","0"
"","","...","...","-","-","-","-"
"","","0x7f200b30d4a0","      ISETP.NE.AND P0, PT, R44, RZ, PT","0","0","0","0"
"","","...","...","-","-","-","-"
"","","0x7f200b30d4f0","      SEL R43, RZ, 0x1, !P0","0","0","0","0"
"","","...","...","-","-","-","-"
"","","0x7f200b30d550","      SEL R43, RZ, 0x1, !P0","0","0","0","0"
"","","...","...","-","-","-","-"
"","","0x7f200b30d5b0","      SEL R43, RZ, 0x1, !P0","0","0","0","0"
"","","...","...","-","-","-","-"
"","","0x7f200b30d610","      SEL R43, RZ, 0x1, !P0","0","0","0","0"
"File Path","/home/n50058614/workspace/vllm-project/PaperRevise/FlashKNN_ExpRepo/FlashKNN/csrc/flash_knn_query_dynamic_load.cu"
"Function Name","void FlashKNN_Query_dynamic_load_kernel<float, (int)2, (int)5, (bool)0, (bool)1>(int *, T1 *, const T1 *, const int *, const int *, const int *, int, int, int, int, int, T1)"
"Line No","Source","Address","Source","launch__block_size","launch__grid_size","launch__registers_per_thread","launch__shared_mem_per_block"
"70","__syncthreads();","-","-","0","0","0","0"
"","","0x7f200b30ae60","      IMAD.MOV.U32 R2, RZ, RZ, 0x1","0","0","0","0"
"","","0x7f200b30ae70","      WARPSYNC 0xffffffff","0","0","0","0"
"","","0x7f200b30ae80","      BAR.SYNC.DEFER_BLOCKING 0x0","0","0","0","0"
"","","0x7f200b30ae90","      ISETP.LE.AND P0, PT, R2, c[0x0][0x19c], PT","0","0","0","0"
"71","for(;loaded_support_points_num_cur_batch<max_support_point_num_loaded_per_batch;){","-","-","0","0","0","0"
"","","0x7f200b30aea0","@!P0  BRA 0x7f200b30b250","0","0","0","0"
"","","...","...","-","-","-","-"
"","","0x7f200b30aed0","      LEA R2, P0, R5, R16, 0x2","0","0","0","0"
"","","...","...","-","-","-","-"
"","","0x7f200b30aef0","      LEA.HI.X R3, R5, R20, R3, 0x2, P0","0","0","0","0"
"","","...","...","-","-","-","-"
"","","0x7f200b30af60","      ISETP.GE.AND P1, PT, R21, c[0x0][0x19c], PT","0","0","0","0"
"","","...","...","-","-","-","-"
"","","0x7f200b30b240","@!P1  BRA 0x7f200b30af00","0","0","0","0"
"74","+ loaded_support_points_num_cur_batch ","-","-","0","0","0","0"
"","","0x7f200b30af30","      IMAD.IADD R31, R6, 0x1, R21","0","0","0","0"
"75","+ loaded_support_points_num);                            //当前邻域内的子节点index","-","-","0","0","0","0"
"","","0x7f200b30af20","      BSSY B0, 0x7f200b30b040","0","0","0","0"
"","","...","...","-","-","-","-"
"","","0x7f200b30af50","      IMAD.IADD R27, R31, 0x1, R18","0","0","0","0"
"77","neigh_idx < 27","-","-","0","0","0","0"
"","","0x7f200b30af00","      ISETP.GT.AND P0, PT, R19, 0x1a, PT","0","0","0","0"
"","","...","...","-","-","-","-"
"","","0x7f200b30af70","@P0   BRA 0x7f200b30b030","0","0","0","0"
"","","...","...","-","-","-","-"
"","","0x7f200b30afe0","      ISETP.GE.AND P0, PT, R19, 0x1a, PT","0","0","0","0"
"","","0x7f200b30aff0","      IADD3 R22, P2, R22, 0x4, RZ","0","0","0","0"
"","","...","...","-","-","-","-"
"","","0x7f200b30b010","      IMAD.X R5, RZ, RZ, R5, P2","0","0","0","0"
"","","0x7f200b30b020","@!P0  BRA 0x7f200b30afa0","0","0","0","0"
"","","0x7f200b30b030","      BSYNC B0","0","0","0","0"
"78","&& *(CumCntInNeigh + 28*parent_idx + neigh_idx + 1) <= support_point_index2load){","-","-","0","0","0","0"
"","","0x7f200b30af80","      IMAD.WIDE R4, R19, 0x4, R2","0","0","0","0"
"","","0x7f200b30af90","      IMAD.MOV.U32 R22, RZ, RZ, R4","0","0","0","0"
"","","0x7f200b30afa0","      IMAD.MOV.U32 R4, RZ, RZ, R22","0","0","0","0"
"","","0x7f200b30afb0","      LDG.E R4, [R4.64]","0","0","0","0"
"","","0x7f200b30afc0","      ISETP.GT.AND P0, PT, R4, R27, PT","0","0","0","0"
"","","0x7f200b30afd0","@P0   BRA 0x7f200b30b030","0","0","0","0"
"79","neigh_idx += 1;","-","-","0","0","0","0"
"","","0x7f200b30b000","      IADD3 R19, R19, 0x1, RZ","0","0","0","0"
"81","int idx_offset = support_point_index2load - *(CumCntInNeigh + 28*parent_idx + neigh_idx);","-","-","0","0","0","0"
"","","0x7f200b30b090","      SHF.R.S32.HI R5, RZ, 0x1f, R19","0","0","0","0"
"","","...","...","-","-","-","-"
"","","0x7f200b30b0f0","      IADD3 R25, P0, R14, R19, RZ","0","0","0","0"
"","","...","...","-","-","-","-"
"","","0x7f200b30b110","      IMAD.X R26, R17, 0x1, R5, P0","0","0","0","0"
"","","0x7f200b30b120","      LEA R24, P0, R25, c[0x0][0x188], 0x2","0","0","0","0"
"","","0x7f200b30b130","      LEA.HI.X R25, R25, c[0x0][0x18c], R26, 0x2, P0","0","0","0","0"
"","","0x7f200b30b140","      LDG.E R24, [R24.64]","0","0","0","0"
"83","if( support_point_index2load < total_support_points_num      //不能超过当前邻域内总数量","-","-","0","0","0","0"
"","","0x7f200b30b040","      ISETP.GE.AND P0, PT, R27, R15, PT","0","0","0","0"
"","","0x7f200b30b050","      BSSY B0, 0x7f200b30b240","0","0","0","0"
"","","0x7f200b30b060","      ISETP.GE.OR P0, PT, R31, c[0x0][0x19c], P0","0","0","0","0"
"","","0x7f200b30b070","@P0   BRA 0x7f200b30b230","0","0","0","0"
"","","0x7f200b30b080","      IMAD R4, R7, 0x1b, RZ","0","0","0","0"
"91","int cur_prt_nbr_idx = *(ParentNeigh + 27*parent_idx + neigh_idx);","-","-","0","0","0","0"
"","","0x7f200b30b0a0","      IADD3 R23, P0, R19, R4, RZ","0","0","0","0"
"","","0x7f200b30b0b0","      LEA.HI.X.SX32 R4, R4, R5, 0x1, P0","0","0","0","0"
"","","0x7f200b30b0c0","      LEA R22, P0, R23, c[0x0][0x180], 0x2","0","0","0","0"
"","","0x7f200b30b0d0","      LEA.HI.X R23, R23, c[0x0][0x184], R4, 0x2, P0","0","0","0","0"
"","","0x7f200b30b0e0","      LDG.E R4, [R22.64]","0","0","0","0"
"95","int cur_child_idx = Parent2Child[cur_prt_nbr_idx] + idx_offset;   ","-","-","0","0","0","0"
"","","0x7f200b30b100","      IMAD.MOV.U32 R28, RZ, RZ, 0x4","0","0","0","0"
"","","...","...","-","-","-","-"
"","","0x7f200b30b150","      IMAD.WIDE R4, R4, R28, c[0x0][0x178]","0","0","0","0"
"","","0x7f200b30b160","      LDG.E R5, [R4.64]","0","0","0","0"
"","","0x7f200b30b170","      IADD3 R26, R5, R27, -R24","0","0","0","0"
"99","const CoordDType *CurCoord = GridCoord + 3*cur_child_idx;","-","-","0","0","0","0"
"","","0x7f200b30b180","      IMAD R27, R26, 0x3, RZ","0","0","0","0"
"","","0x7f200b30b190","      IMAD.WIDE R22, R27, R28, c[0x0][0x170]","0","0","0","0"
"100","CoordDType x = CurCoord[0];","-","-","0","0","0","0"
"","","0x7f200b30b1a0","      LDG.E R27, [R22.64]","0","0","0","0"
"101","CoordDType y = CurCoord[1];","-","-","0","0","0","0"
"","","0x7f200b30b1b0","      LDG.E R28, [R22.64+0x4]","0","0","0","0"
"102","CoordDType z = CurCoord[2];","-","-","0","0","0","0"
"","","0x7f200b30b1c0","      LDG.E R29, [R22.64+0x8]","0","0","0","0"
"107","buf[save_base*3] = x;","-","-","0","0","0","0"
"","","0x7f200b30b1d0","      IMAD R30, R31, 0xc, RZ","0","0","0","0"
"","","...","...","-","-","-","-"
"","","0x7f200b30b1f0","      STS [R30], R27","0","0","0","0"
"108","buf[save_base*3+1] = y;","-","-","0","0","0","0"
"","","0x7f200b30b200","      STS [R30+0x4], R28","0","0","0","0"
"109","buf[save_base*3+2] = z;","-","-","0","0","0","0"
"","","0x7f200b30b210","      STS [R30+0x8], R29","0","0","0","0"
"110","buf_index[save_base] = cur_child_idx;         ","-","-","0","0","0","0"
"","","0x7f200b30b1e0","      IADD3 R31, R31, c[0x0][0x198], RZ","0","0","0","0"
"","","...","...","-","-","-","-"
"","","0x7f200b30b220","      STS [R31.X4], R26","0","0","0","0"
"","","0x7f200b30b230","      BSYNC B0","0","0","0","0"
"113","loaded_support_points_num_cur_batch += blockDim.x*blockDim.y;","-","-","0","0","0","0"
"","","0x7f200b30ac70","      UMOV UR6, 0x1","0","0","0","0"
"","","0x7f200b30ac80","      ULDC UR4, c[0x0][0x190]","0","0","0","0"
"","","...","...","-","-","-","-"
"","","0x7f200b30aca0","      ULDC UR7, c[0x0][0x0]","0","0","0","0"
"","","0x7f200b30acb0","      UIADD3 UR4, -UR6, UR4, URZ","0","0","0","0"
"","","0x7f200b30acc0","      UIADD3 UR6, -UR6, UR7, URZ","0","0","0","0"
"","","0x7f200b30acd0","      UIADD3 UR7, -UR7, URZ, URZ","0","0","0","0"
"","","0x7f200b30ace0","      USHF.R.S32.HI UR5, URZ, 0x5, UR4","0","0","0","0"
"","","0x7f200b30acf0","      ULOP3.LUT UR6, UR4, UR6, URZ, 0xc0, !UPT","0","0","0","0"
"","","0x7f200b30ad00","      ULEA UR4, UR7, 0x2000, 0x8","0","0","0","0"
"","","0x7f200b30ad10","      USHF.L.U32 UR5, UR5, 0x2, URZ","0","0","0","0"
"","","0x7f200b30ad20","      UIADD3 UR4, UR4, 0x1f, URZ","0","0","0","0"
"","","0x7f200b30ad30","      ULDC.64 UR8, c[0x0][0x118]","0","0","0","0"
"","","...","...","-","-","-","-"
"","","0x7f200b30af10","      IMAD.MOV.U32 R4, RZ, RZ, c[0x0][0x0]","0","0","0","0"
"","","...","...","-","-","-","-"
"","","0x7f200b30af40","      IMAD R21, R4, c[0x0][0x4], R21","0","0","0","0"
"116","if(loaded_support_points_num + loaded_support_points_num_cur_batch >= total_support_points_num){","-","-","0","0","0","0"
"","","0x7f200b30b2a0","      IADD3 R4, R18, c[0x0][0x19c], RZ","0","0","0","0"
"","","...","...","-","-","-","-"
"","","0x7f200b30b2c0","      BSSY B0, 0x7f200b30d2b0","0","0","0","0"
"","","0x7f200b30b2d0","      ISETP.GE.AND P0, PT, R4, R15, PT","0","0","0","0"
"","","0x7f200b30b2e0","      SEL R27, R27, c[0x0][0x19c], P0","0","0","0","0"
"","","...","...","-","-","-","-"
"","","0x7f200b30d2b0","      IADD3 R2, R18, c[0x0][0x19c], RZ","0","0","0","0"
"","","...","...","-","-","-","-"
"","","0x7f200b30d2d0","      ISETP.GE.AND P0, PT, R2, R15, PT","0","0","0","0"
"","","0x7f200b30d2e0","      SEL R3, R3, c[0x0][0x19c], P0","0","0","0","0"
"117","loaded_support_points_num_cur_batch = total_support_points_num - loaded_support_points_num;","-","-","0","0","0","0"
"","","0x7f200b30b2b0","      IMAD.IADD R27, R15, 0x1, -R18","0","0","0","0"
"","","...","...","-","-","-","-"
"","","0x7f200b30d2c0","      IMAD.IADD R3, R15, 0x1, -R18","0","0","0","0"
"119","loaded_support_points_num += loaded_support_points_num_cur_batch;","-","-","0","0","0","0"
"","","0x7f200b30d2f0","      IMAD.IADD R18, R18, 0x1, R3","0","0","0","0"
"136","CoordDType peer_distance = WARP_SHFL(","-","-","0","0","0","0"
"","","0x7f200b30bd40","      BRA.DIV ~URZ, 0x7f200b30d650","0","0","0","0"
"","","0x7f200b30bd50","      SHFL.IDX PT, R33, R38, R39, 0x1f","0","0","0","0"
"","","...","...","-","-","-","-"
"","","0x7f200b30be40","      SHFL.IDX PT, R2, R33, R35, 0x1f","0","0","0","0"
"","","...","...","-","-","-","-"
"","","0x7f200b30bef0","      SHFL.IDX PT, R3, R2, R39, 0x1f","0","0","0","0"
"","","...","...","-","-","-","-"
"","","0x7f200b30bfb0","      SHFL.IDX PT, R38, R3, R42, 0x1f","0","0","0","0"
"","","...","...","-","-","-","-"
"","","0x7f200b30c060","      SHFL.IDX PT, R3, R38, R35, 0x1f","0","0","0","0"
"","","...","...","-","-","-","-"
"","","0x7f200b30c110","      SHFL.IDX PT, R3, R2, R39, 0x1f","0","0","0","0"
"","","...","...","-","-","-","-"
"","","0x7f200b30c1d0","      SHFL.IDX PT, R38, R3, R40, 0x1f","0","0","0","0"
"","","...","...","-","-","-","-"
"","","0x7f200b30c280","      SHFL.IDX PT, R2, R47, R42, 0x1f","0","0","0","0"
"","","...","...","-","-","-","-"
"","","0x7f200b30c330","      SHFL.IDX PT, R3, R2, R35, 0x1f","0","0","0","0"
"","","...","...","-","-","-","-"
"","","0x7f200b30c3e0","      SHFL.IDX PT, R3, R38, R39, 0x1f","0","0","0","0"
"","","...","...","-","-","-","-"
"","","0x7f200b30c490","      SHFL.IDX PT, R3, R2, R41, 0x1f","0","0","0","0"
"","","...","...","-","-","-","-"
"","","0x7f200b30c540","      SHFL.IDX PT, R38, R3, R40, 0x1f","0","0","0","0"
"","","...","...","-","-","-","-"
"","","0x7f200b30c600","      SHFL.IDX PT, R2, R49, R42, 0x1f","0","0","0","0"
"","","...","...","-","-","-","-"
"","","0x7f200b30c6c0","      SHFL.IDX PT, R3, R2, R35, 0x1f","0","0","0","0"
"","","...","...","-","-","-","-"
"","","0x7f200b30c780","      SHFL.IDX PT, R3, R38, R39, 0x1f","0","0","0","0"
"","","0x7f200b30c790","      P2R R50, PR, RZ, 0x4","0","0","0","0"
"","","0x7f200b30c7a0","      ISETP.NE.AND P2, PT, R51, RZ, PT","0","0","0","0"
"","","0x7f200b30c7b0","      P2R R51, PR, RZ, 0x4","0","0","0","0"
"","","0x7f200b30c7c0","      ISETP.NE.AND P2, PT, R52, RZ, PT","0","0","0","0"
"","","0x7f200b30c7d0","      P2R R52, PR, RZ, 0x4","0","0","0","0"
"","","0x7f200b30c7e0","      ISETP.NE.AND P2, PT, R53, RZ, PT","0","0","0","0"
"","","0x7f200b30c7f0","      P2R R53, PR, RZ, 0x4","0","0","0","0"
"","","0x7f200b30c800","      ISETP.NE.AND P2, PT, R54, RZ, PT","0","0","0","0"
"138","int peer_index = WARP_SHFL(","-","-","0","0","0","0"
"","","0x7f200b30bd60","      BRA.DIV ~URZ, 0x7f200b30d6c0","0","0","0","0"
"","","0x7f200b30bd70","      ISETP.NE.AND P2, PT, R51, RZ, PT","0","0","0","0"
"","","...","...","-","-","-","-"
"","","0x7f200b30bdf0","      ISETP.NE.AND P4, PT, R49, RZ, PT","0","0","0","0"
"","","...","...","-","-","-","-"
"","","0x7f200b30bf60","      ISETP.NE.AND P3, PT, R48, RZ, PT","0","0","0","0"
"","","...","...","-","-","-","-"
"","","0x7f200b30c180","      ISETP.NE.AND P5, PT, R47, RZ, PT","0","0","0","0"
"","","...","...","-","-","-","-"
"","","0x7f200b30caf0","      SHFL.IDX PT, R33, R46, R39, 0x1f","0","0","0","0"
"","","...","...","-","-","-","-"
"","","0x7f200b30cb50","      SHFL.IDX PT, R43, R58, R35, 0x1f","0","0","0","0"
"","","...","...","-","-","-","-"
"","","0x7f200b30cb80","      SHFL.IDX PT, R43, R56, R39, 0x1f","0","0","0","0"
"","","...","...","-","-","-","-"
"","","0x7f200b30cbe0","      SHFL.IDX PT, R44, R37, R42, 0x1f","0","0","0","0"
"","","...","...","-","-","-","-"
"","","0x7f200b30cc10","      SHFL.IDX PT, R53, R44, R35, 0x1f","0","0","0","0"
"","","...","...","-","-","-","-"
"","","0x7f200b30cc40","      SHFL.IDX PT, R33, R46, R39, 0x1f","0","0","0","0"
"","","...","...","-","-","-","-"
"","","0x7f200b30cc70","      SHFL.IDX PT, R33, R52, R41, 0x1f","0","0","0","0"
"","","...","...","-","-","-","-"
"","","0x7f200b30cca0","      SHFL.IDX PT, R50, R33, R40, 0x1f","0","0","0","0"
"","","...","...","-","-","-","-"
"","","0x7f200b30ccc0","      SHFL.IDX PT, R50, R43, R42, 0x1f","0","0","0","0"
"","","...","...","-","-","-","-"
"","","0x7f200b30ccf0","      SHFL.IDX PT, R37, R50, R35, 0x1f","0","0","0","0"
"","","...","...","-","-","-","-"
"","","0x7f200b30cd40","      SHFL.IDX PT, R37, R44, R39, 0x1f","0","0","0","0"
"142","const bool take_peer = ascending_group","-","-","0","0","0","0"
"","","0x7f200b30be50","      FSEL R3, R33, R2, !P4","0","0","0","0"
"","","0x7f200b30be60","      FSEL R38, R2, R33, !P4","0","0","0","0"
"","","...","...","-","-","-","-"
"","","0x7f200b30bfc0","      FSEL R2, R3, R38, !P3","0","0","0","0"
"","","0x7f200b30bfd0","      FSEL R5, R38, R3, !P3","0","0","0","0"
"","","...","...","-","-","-","-"
"","","0x7f200b30c120","      FSEL R5, R2, R3, !P3","0","0","0","0"
"","","0x7f200b30c130","      FSEL R38, R3, R2, !P3","0","0","0","0"
"","","...","...","-","-","-","-"
"","","0x7f200b30c290","      FSEL R3, R47, R2, !P5","0","0","0","0"
"","","0x7f200b30c2a0","      FSEL R38, R2, R47, !P5","0","0","0","0"
"","","...","...","-","-","-","-"
"","","0x7f200b30c3f0","      FSEL R2, R38, R3, !P5","0","0","0","0"
"","","0x7f200b30c400","      FSEL R47, R3, R38, !P5","0","0","0","0"
"","","...","...","-","-","-","-"
"","","0x7f200b30c550","      FSEL R2, R3, R38, !P0","0","0","0","0"
"","","0x7f200b30c560","      FSEL R47, R38, R3, !P0","0","0","0","0"
"","","...","...","-","-","-","-"
"","","0x7f200b30c6d0","      FSEL R38, R2, R3, !P0","0","0","0","0"
"","","0x7f200b30c6e0","      FSEL R49, R3, R2, !P0","0","0","0","0"
"","","...","...","-","-","-","-"
"","","0x7f200b30d8b0","      FSEL R2, R38, R33, !P3","0","0","0","0"
"","","0x7f200b30d8c0","      FSEL R3, R33, R38, !P3","0","0","0","0"
"","","...","...","-","-","-","-"
"","","0x7f200b30db60","      FSEL R2, R38, R33, !P4","0","0","0","0"
"","","0x7f200b30db70","      FSEL R3, R33, R38, !P4","0","0","0","0"
"","","...","...","-","-","-","-"
"","","0x7f200b30ddf0","      FSEL R2, R38, R33, !P4","0","0","0","0"
"","","...","...","-","-","-","-"
"","","0x7f200b30de10","      FSEL R3, R33, R38, !P4","0","0","0","0"
"","","...","...","-","-","-","-"
"","","0x7f200b30e0a0","      FSEL R2, R38, R33, !P5","0","0","0","0"
"","","...","...","-","-","-","-"
"","","0x7f200b30e0c0","      FSEL R3, R33, R38, !P5","0","0","0","0"
"","","...","...","-","-","-","-"
"","","0x7f200b30e340","      FSEL R2, R38, R33, !P5","0","0","0","0"
"","","...","...","-","-","-","-"
"","","0x7f200b30e360","      FSEL R3, R33, R38, !P5","0","0","0","0"
"","","...","...","-","-","-","-"
"","","0x7f200b30e5e0","      FSEL R2, R38, R33, !P0","0","0","0","0"
"","","...","...","-","-","-","-"
"","","0x7f200b30e600","      FSEL R3, R33, R38, !P0","0","0","0","0"
"","","...","...","-","-","-","-"
"","","0x7f200b30e880","      FSEL R2, R38, R33, !P0","0","0","0","0"
"","","...","...","-","-","-","-"
"","","0x7f200b30e8a0","      FSEL R3, R33, R38, !P0","0","0","0","0"
"143","? (lower_lane ? current_distance > peer_distance","-","-","0","0","0","0"
"","","0x7f200b30c900","      SEL R43, RZ, 0xffffffff, P0","0","0","0","0"
"","","0x7f200b30c910","      FSETP.GT.AND P0, PT, R2, R5, PT","0","0","0","0"
"","","0x7f200b30c920","@!P1  SEL R43, RZ, 0xffffffff, !P0","0","0","0","0"
"","","...","...","-","-","-","-"
"","","0x7f200b30c940","      LOP3.LUT R43, R43, 0x1, RZ, 0xc0, !PT","0","0","0","0"
"","","0x7f200b30c950","      ISETP.NE.U32.AND P4, PT, R43, 0x1, PT","0","0","0","0"
"","","...","...","-","-","-","-"
"","","0x7f200b30ea10","      SEL R37, RZ, 0xffffffff, P0","0","0","0","0"
"","","0x7f200b30ea20","      FSETP.GT.AND P0, PT, R2, R3, PT","0","0","0","0"
"","","0x7f200b30ea30","@P1   SEL R37, RZ, 0xffffffff, !P0","0","0","0","0"
"","","0x7f200b30ea40","      LOP3.LUT R37, R37, 0x1, RZ, 0xc0, !PT","0","0","0","0"
"","","0x7f200b30ea50","      ISETP.NE.U32.AND P0, PT, R37, 0x1, PT","0","0","0","0"
"144",": current_distance < peer_distance)","-","-","0","0","0","0"
"","","0x7f200b30c870","      FSETP.GEU.AND P0, PT, R2, R5, PT","0","0","0","0"
"","","0x7f200b30c880","      P2R R56, PR, RZ, 0x4","0","0","0","0"
"","","0x7f200b30c890","      ISETP.NE.AND P2, PT, R57, RZ, PT","0","0","0","0"
"","","0x7f200b30c8a0","      P2R R57, PR, RZ, 0x4","0","0","0","0"
"","","0x7f200b30c8b0","      ISETP.NE.AND P2, PT, R33, RZ, PT","0","0","0","0"
"","","0x7f200b30c8c0","      P2R R58, PR, RZ, 0x4","0","0","0","0"
"","","0x7f200b30c8d0","      ISETP.NE.AND P2, PT, R44, RZ, PT","0","0","0","0"
"","","0x7f200b30c8e0","      P2R R33, PR, RZ, 0x4","0","0","0","0"
"","","0x7f200b30c8f0","      ISETP.NE.AND P2, PT, R43, RZ, PT","0","0","0","0"
"","","...","...","-","-","-","-"
"","","0x7f200b30ea00","      FSETP.GEU.AND P0, PT, R2, R3, PT","0","0","0","0"
"145",": (lower_lane ? current_distance < peer_distance","-","-","0","0","0","0"
"","","0x7f200b30bd90","      FSEL R2, R38, R33, !P2","0","0","0","0"
"","","0x7f200b30bda0","      FSEL R3, R33, R38, !P2","0","0","0","0"
"","","...","...","-","-","-","-"
"","","0x7f200b30bdc0","      FSETP.GEU.AND P3, PT, R2, R3, PT","0","0","0","0"
"","","0x7f200b30bdd0","      SEL R2, RZ, 0xffffffff, !P4","0","0","0","0"
"","","0x7f200b30bde0","@!P1  SEL R2, RZ, 0xffffffff, P3","0","0","0","0"
"","","...","...","-","-","-","-"
"","","0x7f200b30be00","      LOP3.LUT R2, R2, 0x1, RZ, 0xc0, !PT","0","0","0","0"
"","","0x7f200b30be10","      ISETP.NE.U32.AND P5, PT, R2, 0x1, PT","0","0","0","0"
"","","...","...","-","-","-","-"
"","","0x7f200b30be80","      SEL R5, RZ, 0xffffffff, !P3","0","0","0","0"
"","","0x7f200b30be90","      FSETP.GEU.AND P3, PT, R3, R38, PT","0","0","0","0"
"","","0x7f200b30bea0","@!P2  SEL R5, RZ, 0xffffffff, P3","0","0","0","0"
"","","0x7f200b30beb0","      LOP3.LUT R5, R5, 0x1, RZ, 0xc0, !PT","0","0","0","0"
"","","0x7f200b30bec0","      ISETP.NE.U32.AND P5, PT, R5, 0x1, PT","0","0","0","0"
"","","...","...","-","-","-","-"
"","","0x7f200b30bf00","      FSEL R5, R2, R3, !P4","0","0","0","0"
"","","0x7f200b30bf10","      FSEL R38, R3, R2, !P4","0","0","0","0"
"","","...","...","-","-","-","-"
"","","0x7f200b30bf30","      SEL R33, RZ, 0xffffffff, !P3","0","0","0","0"
"","","0x7f200b30bf40","      FSETP.GEU.AND P3, PT, R5, R38, PT","0","0","0","0"
"","","0x7f200b30bf50","@!P1  SEL R33, RZ, 0xffffffff, P3","0","0","0","0"
"","","...","...","-","-","-","-"
"","","0x7f200b30bf70","      LOP3.LUT R33, R33, 0x1, RZ, 0xc0, !PT","0","0","0","0"
"","","0x7f200b30bf80","      ISETP.NE.U32.AND P5, PT, R33, 0x1, PT","0","0","0","0"
"","","...","...","-","-","-","-"
"","","0x7f200b30bff0","      SEL R46, RZ, 0xffffffff, !P5","0","0","0","0"
"","","0x7f200b30c000","      FSETP.GEU.AND P5, PT, R2, R5, PT","0","0","0","0"
"","","0x7f200b30c010","@!P4  SEL R46, RZ, 0xffffffff, P5","0","0","0","0"
"","","0x7f200b30c020","      LOP3.LUT R46, R46, 0x1, RZ, 0xc0, !PT","0","0","0","0"
"","","0x7f200b30c030","      ISETP.NE.U32.AND P6, PT, R46, 0x1, PT","0","0","0","0"
"","","...","...","-","-","-","-"
"","","0x7f200b30c070","      FSEL R2, R38, R3, !P3","0","0","0","0"
"","","0x7f200b30c080","      FSEL R5, R3, R38, !P3","0","0","0","0"
"","","...","...","-","-","-","-"
"","","0x7f200b30c0a0","      SEL R46, RZ, 0xffffffff, !P5","0","0","0","0"
"","","0x7f200b30c0b0","      FSETP.GEU.AND P5, PT, R2, R5, PT","0","0","0","0"
"","","0x7f200b30c0c0","@!P2  SEL R46, RZ, 0xffffffff, P5","0","0","0","0"
"","","0x7f200b30c0d0","      LOP3.LUT R46, R46, 0x1, RZ, 0xc0, !PT","0","0","0","0"
"","","0x7f200b30c0e0","      ISETP.NE.U32.AND P6, PT, R46, 0x1, PT","0","0","0","0"
"","","...","...","-","-","-","-"
"","","0x7f200b30c150","      SEL R46, RZ, 0xffffffff, !P5","0","0","0","0"
"","","0x7f200b30c160","      FSETP.GEU.AND P5, PT, R5, R38, PT","0","0","0","0"
"","","0x7f200b30c170","@!P1  SEL R46, RZ, 0xffffffff, P5","0","0","0","0"
"","","...","...","-","-","-","-"
"","","0x7f200b30c190","      LOP3.LUT R46, R46, 0x1, RZ, 0xc0, !PT","0","0","0","0"
"","","0x7f200b30c1a0","      ISETP.NE.U32.AND P6, PT, R46, 0x1, PT","0","0","0","0"
"","","...","...","-","-","-","-"
"","","0x7f200b30c1e0","      FSEL R2, R3, R38, !P5","0","0","0","0"
"","","0x7f200b30c1f0","      FSEL R47, R38, R3, !P5","0","0","0","0"
"","","...","...","-","-","-","-"
"","","0x7f200b30c210","      SEL R46, RZ, 0xffffffff, !P6","0","0","0","0"
"","","0x7f200b30c220","      FSETP.GEU.AND P6, PT, R2, R47, PT","0","0","0","0"
"","","0x7f200b30c230","@!P3  SEL R46, RZ, 0xffffffff, P6","0","0","0","0"
"","","0x7f200b30c240","      LOP3.LUT R46, R46, 0x1, RZ, 0xc0, !PT","0","0","0","0"
"","","0x7f200b30c250","      ISETP.NE.U32.AND P6, PT, R46, 0x1, PT","0","0","0","0"
"","","...","...","-","-","-","-"
"","","0x7f200b30c2c0","      SEL R46, RZ, 0xffffffff, !P6","0","0","0","0"
"","","0x7f200b30c2d0","      FSETP.GEU.AND P6, PT, R3, R38, PT","0","0","0","0"
"","","0x7f200b30c2e0","@!P4  SEL R46, RZ, 0xffffffff, P6","0","0","0","0"
"","","0x7f200b30c2f0","      LOP3.LUT R46, R46, 0x1, RZ, 0xc0, !PT","0","0","0","0"
"","","0x7f200b30c300","      ISETP.NE.U32.AND P6, PT, R46, 0x1, PT","0","0","0","0"
"","","...","...","-","-","-","-"
"","","0x7f200b30c340","      FSEL R38, R2, R3, !P5","0","0","0","0"
"","","0x7f200b30c350","      FSEL R47, R3, R2, !P5","0","0","0","0"
"","","...","...","-","-","-","-"
"","","0x7f200b30c370","      SEL R46, RZ, 0xffffffff, !P6","0","0","0","0"
"","","0x7f200b30c380","      FSETP.GEU.AND P6, PT, R38, R47, PT","0","0","0","0"
"","","0x7f200b30c390","@!P2  SEL R46, RZ, 0xffffffff, P6","0","0","0","0"
"","","0x7f200b30c3a0","      LOP3.LUT R46, R46, 0x1, RZ, 0xc0, !PT","0","0","0","0"
"","","0x7f200b30c3b0","      ISETP.NE.U32.AND P6, PT, R46, 0x1, PT","0","0","0","0"
"","","...","...","-","-","-","-"
"","","0x7f200b30c420","      SEL R46, RZ, 0xffffffff, !P6","0","0","0","0"
"","","0x7f200b30c430","      FSETP.GEU.AND P6, PT, R2, R47, PT","0","0","0","0"
"","","0x7f200b30c440","@!P1  SEL R46, RZ, 0xffffffff, P6","0","0","0","0"
"","","0x7f200b30c450","      LOP3.LUT R46, R46, 0x1, RZ, 0xc0, !PT","0","0","0","0"
"","","0x7f200b30c460","      ISETP.NE.U32.AND P6, PT, R46, 0x1, PT","0","0","0","0"
"","","...","...","-","-","-","-"
"","","0x7f200b30c4a0","      FSEL R38, R2, R3, !P0","0","0","0","0"
"","","0x7f200b30c4b0","      FSEL R47, R3, R2, !P0","0","0","0","0"
"","","...","...","-","-","-","-"
"","","0x7f200b30c4d0","      SEL R46, RZ, 0xffffffff, !P6","0","0","0","0"
"","","0x7f200b30c4e0","      FSETP.GEU.AND P6, PT, R38, R47, PT","0","0","0","0"
"","","0x7f200b30c4f0","@!P5  SEL R46, RZ, 0xffffffff, P6","0","0","0","0"
"","","0x7f200b30c500","      LOP3.LUT R46, R46, 0x1, RZ, 0xc0, !PT","0","0","0","0"
"","","0x7f200b30c510","      ISETP.NE.U32.AND P6, PT, R46, 0x1, PT","0","0","0","0"
"","","...","...","-","-","-","-"
"","","0x7f200b30c580","      SEL R46, RZ, 0xffffffff, !P6","0","0","0","0"
"","","0x7f200b30c590","      FSETP.GEU.AND P6, PT, R2, R47, PT","0","0","0","0"
"","","0x7f200b30c5a0","      P2R R47, PR, RZ, 0x10","0","0","0","0"
"","","0x7f200b30c5b0","@!P3  SEL R46, RZ, 0xffffffff, P6","0","0","0","0"
"","","0x7f200b30c5c0","      LOP3.LUT R46, R46, 0x1, RZ, 0xc0, !PT","0","0","0","0"
"","","0x7f200b30c5d0","      ISETP.NE.U32.AND P6, PT, R46, 0x1, PT","0","0","0","0"
"","","...","...","-","-","-","-"
"","","0x7f200b30c610","      FSEL R3, R49, R2, !P0","0","0","0","0"
"","","0x7f200b30c620","      FSEL R38, R2, R49, !P0","0","0","0","0"
"","","...","...","-","-","-","-"
"","","0x7f200b30c640","      SEL R48, RZ, 0xffffffff, !P6","0","0","0","0"
"","","0x7f200b30c650","      FSETP.GEU.AND P6, PT, R3, R38, PT","0","0","0","0"
"","","0x7f200b30c660","@!P4  SEL R48, RZ, 0xffffffff, P6","0","0","0","0"
"","","0x7f200b30c670","      LOP3.LUT R48, R48, 0x1, RZ, 0xc0, !PT","0","0","0","0"
"","","0x7f200b30c680","      ISETP.NE.U32.AND P6, PT, R48, 0x1, PT","0","0","0","0"
"","","0x7f200b30c690","      P2R R48, PR, RZ, 0x4","0","0","0","0"
"","","...","...","-","-","-","-"
"","","0x7f200b30c700","      SEL R55, RZ, 0xffffffff, !P6","0","0","0","0"
"","","0x7f200b30c710","      FSETP.GEU.AND P6, PT, R38, R49, PT","0","0","0","0"
"","","0x7f200b30c720","@!P2  SEL R55, RZ, 0xffffffff, P6","0","0","0","0"
"","","0x7f200b30c730","      LOP3.LUT R55, R55, 0x1, RZ, 0xc0, !PT","0","0","0","0"
"","","0x7f200b30c740","      ISETP.NE.U32.AND P2, PT, R55, 0x1, PT","0","0","0","0"
"","","...","...","-","-","-","-"
"","","0x7f200b30c810","      FSEL R2, R3, R38, !P0","0","0","0","0"
"","","0x7f200b30c820","      P2R R54, PR, RZ, 0x4","0","0","0","0"
"","","0x7f200b30c830","      ISETP.NE.AND P2, PT, R5, RZ, PT","0","0","0","0"
"","","0x7f200b30c840","      FSEL R5, R38, R3, !P0","0","0","0","0"
"","","0x7f200b30c850","      P2R R55, PR, RZ, 0x4","0","0","0","0"
"","","0x7f200b30c860","      ISETP.NE.AND P2, PT, R56, RZ, PT","0","0","0","0"
"","","...","...","-","-","-","-"
"","","0x7f200b30d740","      FSEL R2, R38, R33, !P2","0","0","0","0"
"","","0x7f200b30d750","      FSEL R3, R33, R38, !P2","0","0","0","0"
"","","...","...","-","-","-","-"
"","","0x7f200b30d770","      FSETP.GEU.AND P4, PT, R2, R3, PT","0","0","0","0"
"","","0x7f200b30d780","      SEL R2, RZ, 0xffffffff, !P3","0","0","0","0"
"","","0x7f200b30d790","@!P1  SEL R2, RZ, 0xffffffff, P4","0","0","0","0"
"","","...","...","-","-","-","-"
"","","0x7f200b30d7b0","      LOP3.LUT R2, R2, 0x1, RZ, 0xc0, !PT","0","0","0","0"
"","","0x7f200b30d7c0","      ISETP.NE.U32.AND P3, PT, R2, 0x1, PT","0","0","0","0"
"","","...","...","-","-","-","-"
"","","0x7f200b30d8e0","      FSETP.GEU.AND P5, PT, R2, R3, PT","0","0","0","0"
"","","0x7f200b30d8f0","      SEL R2, RZ, 0xffffffff, !P4","0","0","0","0"
"","","0x7f200b30d900","@!P2  SEL R2, RZ, 0xffffffff, P5","0","0","0","0"
"","","0x7f200b30d910","      LOP3.LUT R2, R2, 0x1, RZ, 0xc0, !PT","0","0","0","0"
"","","0x7f200b30d920","      ISETP.NE.U32.AND P4, PT, R2, 0x1, PT","0","0","0","0"
"","","...","...","-","-","-","-"
"","","0x7f200b30d9f0","      FSEL R2, R38, R33, !P3","0","0","0","0"
"","","...","...","-","-","-","-"
"","","0x7f200b30da10","      FSEL R3, R33, R38, !P3","0","0","0","0"
"","","...","...","-","-","-","-"
"","","0x7f200b30da30","      FSETP.GEU.AND P5, PT, R2, R3, PT","0","0","0","0"
"","","0x7f200b30da40","      SEL R2, RZ, 0xffffffff, !P4","0","0","0","0"
"","","0x7f200b30da50","@P1   SEL R2, RZ, 0xffffffff, P5","0","0","0","0"
"","","0x7f200b30da60","      LOP3.LUT R2, R2, 0x1, RZ, 0xc0, !PT","0","0","0","0"
"","","0x7f200b30da70","      ISETP.NE.U32.AND P4, PT, R2, 0x1, PT","0","0","0","0"
"","","...","...","-","-","-","-"
"","","0x7f200b30db90","      SEL R37, RZ, 0xffffffff, !P5","0","0","0","0"
"","","0x7f200b30dba0","      FSETP.GEU.AND P5, PT, R2, R3, PT","0","0","0","0"
"","","...","...","-","-","-","-"
"","","0x7f200b30dbc0","@!P3  SEL R37, RZ, 0xffffffff, P5","0","0","0","0"
"","","0x7f200b30dbd0","      LOP3.LUT R37, R37, 0x1, RZ, 0xc0, !PT","0","0","0","0"
"","","0x7f200b30dbe0","      ISETP.NE.U32.AND P5, PT, R37, 0x1, PT","0","0","0","0"
"","","...","...","-","-","-","-"
"","","0x7f200b30dca0","      FSEL R2, R38, R33, !P4","0","0","0","0"
"","","...","...","-","-","-","-"
"","","0x7f200b30dcc0","      FSEL R3, R33, R38, !P4","0","0","0","0"
"","","...","...","-","-","-","-"
"","","0x7f200b30dce0","      SEL R37, RZ, 0xffffffff, !P5","0","0","0","0"
"","","0x7f200b30dcf0","      FSETP.GEU.AND P5, PT, R2, R3, PT","0","0","0","0"
"","","...","...","-","-","-","-"
"","","0x7f200b30dd10","@!P2  SEL R37, RZ, 0xffffffff, P5","0","0","0","0"
"","","0x7f200b30dd20","      LOP3.LUT R37, R37, 0x1, RZ, 0xc0, !PT","0","0","0","0"
"","","0x7f200b30dd30","      ISETP.NE.U32.AND P5, PT, R37, 0x1, PT","0","0","0","0"
"","","...","...","-","-","-","-"
"","","0x7f200b30de30","      SEL R37, RZ, 0xffffffff, !P5","0","0","0","0"
"","","0x7f200b30de40","      FSETP.GEU.AND P5, PT, R2, R3, PT","0","0","0","0"
"","","...","...","-","-","-","-"
"","","0x7f200b30de60","@P1   SEL R37, RZ, 0xffffffff, P5","0","0","0","0"
"","","0x7f200b30de70","      LOP3.LUT R37, R37, 0x1, RZ, 0xc0, !PT","0","0","0","0"
"","","0x7f200b30de80","      ISETP.NE.U32.AND P5, PT, R37, 0x1, PT","0","0","0","0"
"","","...","...","-","-","-","-"
"","","0x7f200b30df60","      FSEL R2, R38, R33, !P5","0","0","0","0"
"","","0x7f200b30df70","      FSEL R3, R33, R38, !P5","0","0","0","0"
"","","...","...","-","-","-","-"
"","","0x7f200b30df90","      SEL R37, RZ, 0xffffffff, !P6","0","0","0","0"
"","","0x7f200b30dfa0","      FSETP.GEU.AND P6, PT, R2, R3, PT","0","0","0","0"
"","","...","...","-","-","-","-"
"","","0x7f200b30dfc0","@!P4  SEL R37, RZ, 0xffffffff, P6","0","0","0","0"
"","","0x7f200b30dfd0","      LOP3.LUT R37, R37, 0x1, RZ, 0xc0, !PT","0","0","0","0"
"","","0x7f200b30dfe0","      ISETP.NE.U32.AND P6, PT, R37, 0x1, PT","0","0","0","0"
"","","...","...","-","-","-","-"
"","","0x7f200b30e0e0","      SEL R37, RZ, 0xffffffff, !P6","0","0","0","0"
"","","0x7f200b30e0f0","      FSETP.GEU.AND P6, PT, R2, R3, PT","0","0","0","0"
"","","...","...","-","-","-","-"
"","","0x7f200b30e110","@!P3  SEL R37, RZ, 0xffffffff, P6","0","0","0","0"
"","","0x7f200b30e120","      LOP3.LUT R37, R37, 0x1, RZ, 0xc0, !PT","0","0","0","0"
"","","0x7f200b30e130","      ISETP.NE.U32.AND P6, PT, R37, 0x1, PT","0","0","0","0"
"","","...","...","-","-","-","-"
"","","0x7f200b30e1f0","      FSEL R2, R38, R33, !P5","0","0","0","0"
"","","...","...","-","-","-","-"
"","","0x7f200b30e210","      FSEL R3, R33, R38, !P5","0","0","0","0"
"","","...","...","-","-","-","-"
"","","0x7f200b30e230","      SEL R37, RZ, 0xffffffff, !P6","0","0","0","0"
"","","0x7f200b30e240","      FSETP.GEU.AND P6, PT, R2, R3, PT","0","0","0","0"
"","","...","...","-","-","-","-"
"","","0x7f200b30e260","@!P2  SEL R37, RZ, 0xffffffff, P6","0","0","0","0"
"","","0x7f200b30e270","      LOP3.LUT R37, R37, 0x1, RZ, 0xc0, !PT","0","0","0","0"
"","","0x7f200b30e280","      ISETP.NE.U32.AND P6, PT, R37, 0x1, PT","0","0","0","0"
"","","...","...","-","-","-","-"
"","","0x7f200b30e380","      SEL R37, RZ, 0xffffffff, !P6","0","0","0","0"
"","","0x7f200b30e390","      FSETP.GEU.AND P6, PT, R2, R3, PT","0","0","0","0"
"","","...","...","-","-","-","-"
"","","0x7f200b30e3b0","@P1   SEL R37, RZ, 0xffffffff, P6","0","0","0","0"
"","","0x7f200b30e3c0","      LOP3.LUT R37, R37, 0x1, RZ, 0xc0, !PT","0","0","0","0"
"","","0x7f200b30e3d0","      ISETP.NE.U32.AND P6, PT, R37, 0x1, PT","0","0","0","0"
"","","...","...","-","-","-","-"
"","","0x7f200b30e490","      FSEL R2, R38, R33, !P0","0","0","0","0"
"","","...","...","-","-","-","-"
"","","0x7f200b30e4b0","      FSEL R3, R33, R38, !P0","0","0","0","0"
"","","...","...","-","-","-","-"
"","","0x7f200b30e4d0","      SEL R37, RZ, 0xffffffff, !P6","0","0","0","0"
"","","0x7f200b30e4e0","      FSETP.GEU.AND P6, PT, R2, R3, PT","0","0","0","0"
"","","...","...","-","-","-","-"
"","","0x7f200b30e500","@!P5  SEL R37, RZ, 0xffffffff, P6","0","0","0","0"
"","","0x7f200b30e510","      LOP3.LUT R37, R37, 0x1, RZ, 0xc0, !PT","0","0","0","0"
"","","0x7f200b30e520","      ISETP.NE.U32.AND P6, PT, R37, 0x1, PT","0","0","0","0"
"","","...","...","-","-","-","-"
"","","0x7f200b30e620","      SEL R37, RZ, 0xffffffff, !P6","0","0","0","0"
"","","0x7f200b30e630","      FSETP.GEU.AND P6, PT, R2, R3, PT","0","0","0","0"
"","","...","...","-","-","-","-"
"","","0x7f200b30e650","@!P4  SEL R37, RZ, 0xffffffff, P6","0","0","0","0"
"","","0x7f200b30e660","      LOP3.LUT R37, R37, 0x1, RZ, 0xc0, !PT","0","0","0","0"
"","","0x7f200b30e670","      ISETP.NE.U32.AND P6, PT, R37, 0x1, PT","0","0","0","0"
"","","...","...","-","-","-","-"
"","","0x7f200b30e730","      FSEL R2, R38, R33, !P0","0","0","0","0"
"","","...","...","-","-","-","-"
"","","0x7f200b30e750","      FSEL R3, R33, R38, !P0","0","0","0","0"
"","","...","...","-","-","-","-"
"","","0x7f200b30e770","      SEL R37, RZ, 0xffffffff, !P6","0","0","0","0"
"","","0x7f200b30e780","      FSETP.GEU.AND P6, PT, R2, R3, PT","0","0","0","0"
"","","...","...","-","-","-","-"
"","","0x7f200b30e7a0","@!P3  SEL R37, RZ, 0xffffffff, P6","0","0","0","0"
"","","0x7f200b30e7b0","      LOP3.LUT R37, R37, 0x1, RZ, 0xc0, !PT","0","0","0","0"
"","","0x7f200b30e7c0","      ISETP.NE.U32.AND P6, PT, R37, 0x1, PT","0","0","0","0"
"","","...","...","-","-","-","-"
"","","0x7f200b30e8c0","      SEL R37, RZ, 0xffffffff, !P6","0","0","0","0"
"","","0x7f200b30e8d0","      FSETP.GEU.AND P6, PT, R2, R3, PT","0","0","0","0"
"","","...","...","-","-","-","-"
"","","0x7f200b30e8f0","@!P2  SEL R37, RZ, 0xffffffff, P6","0","0","0","0"
"","","0x7f200b30e900","      LOP3.LUT R37, R37, 0x1, RZ, 0xc0, !PT","0","0","0","0"
"","","0x7f200b30e910","      ISETP.NE.U32.AND P6, PT, R37, 0x1, PT","0","0","0","0"
"","","...","...","-","-","-","-"
"","","0x7f200b30e9d0","      FSEL R2, R33, R38, !P0","0","0","0","0"
"","","...","...","-","-","-","-"
"","","0x7f200b30e9f0","      FSEL R3, R38, R33, !P0","0","0","0","0"
"146",": current_distance > peer_distance);","-","-","0","0","0","0"
"","","0x7f200b30bd80","      ISETP.NE.AND P1, PT, R50, RZ, PT","0","0","0","0"
"","","...","...","-","-","-","-"
"","","0x7f200b30bdb0","      FSETP.GT.AND P4, PT, R2, R3, PT","0","0","0","0"
"","","...","...","-","-","-","-"
"","","0x7f200b30be70","      FSETP.GT.AND P3, PT, R3, R38, PT","0","0","0","0"
"","","...","...","-","-","-","-"
"","","0x7f200b30bf20","      FSETP.GT.AND P3, PT, R5, R38, PT","0","0","0","0"
"","","...","...","-","-","-","-"
"","","0x7f200b30bfe0","      FSETP.GT.AND P5, PT, R2, R5, PT","0","0","0","0"
"","","...","...","-","-","-","-"
"","","0x7f200b30c090","      FSETP.GT.AND P5, PT, R2, R5, PT","0","0","0","0"
"","","...","...","-","-","-","-"
"","","0x7f200b30c140","      FSETP.GT.AND P5, PT, R5, R38, PT","0","0","0","0"
"","","...","...","-","-","-","-"
"","","0x7f200b30c200","      FSETP.GT.AND P6, PT, R2, R47, PT","0","0","0","0"
"","","...","...","-","-","-","-"
"","","0x7f200b30c2b0","      FSETP.GT.AND P6, PT, R3, R38, PT","0","0","0","0"
"","","...","...","-","-","-","-"
"","","0x7f200b30c360","      FSETP.GT.AND P6, PT, R38, R47, PT","0","0","0","0"
"","","...","...","-","-","-","-"
"","","0x7f200b30c410","      FSETP.GT.AND P6, PT, R2, R47, PT","0","0","0","0"
"","","...","...","-","-","-","-"
"","","0x7f200b30c4c0","      FSETP.GT.AND P6, PT, R38, R47, PT","0","0","0","0"
"","","...","...","-","-","-","-"
"","","0x7f200b30c570","      FSETP.GT.AND P6, PT, R2, R47, PT","0","0","0","0"
"","","...","...","-","-","-","-"
"","","0x7f200b30c630","      FSETP.GT.AND P6, PT, R3, R38, PT","0","0","0","0"
"","","...","...","-","-","-","-"
"","","0x7f200b30c6f0","      FSETP.GT.AND P6, PT, R38, R49, PT","0","0","0","0"
"","","...","...","-","-","-","-"
"","","0x7f200b30d730","      ISETP.NE.AND P1, PT, R50, RZ, PT","0","0","0","0"
"","","...","...","-","-","-","-"
"","","0x7f200b30d760","      FSETP.GT.AND P3, PT, R2, R3, PT","0","0","0","0"
"","","...","...","-","-","-","-"
"","","0x7f200b30d8d0","      FSETP.GT.AND P4, PT, R2, R3, PT","0","0","0","0"
"","","...","...","-","-","-","-"
"","","0x7f200b30da20","      FSETP.GT.AND P4, PT, R2, R3, PT","0","0","0","0"
"","","...","...","-","-","-","-"
"","","0x7f200b30db80","      FSETP.GT.AND P5, PT, R2, R3, PT","0","0","0","0"
"","","...","...","-","-","-","-"
"","","0x7f200b30dcd0","      FSETP.GT.AND P5, PT, R2, R3, PT","0","0","0","0"
"","","...","...","-","-","-","-"
"","","0x7f200b30de20","      FSETP.GT.AND P5, PT, R2, R3, PT","0","0","0","0"
"","","...","...","-","-","-","-"
"","","0x7f200b30df80","      FSETP.GT.AND P6, PT, R2, R3, PT","0","0","0","0"
"","","...","...","-","-","-","-"
"","","0x7f200b30e0d0","      FSETP.GT.AND P6, PT, R2, R3, PT","0","0","0","0"
"","","...","...","-","-","-","-"
"","","0x7f200b30e220","      FSETP.GT.AND P6, PT, R2, R3, PT","0","0","0","0"
"","","...","...","-","-","-","-"
"","","0x7f200b30e370","      FSETP.GT.AND P6, PT, R2, R3, PT","0","0","0","0"
"","","...","...","-","-","-","-"
"","","0x7f200b30e4c0","      FSETP.GT.AND P6, PT, R2, R3, PT","0","0","0","0"
"","","...","...","-","-","-","-"
"","","0x7f200b30e610","      FSETP.GT.AND P6, PT, R2, R3, PT","0","0","0","0"
"","","...","...","-","-","-","-"
"","","0x7f200b30e760","      FSETP.GT.AND P6, PT, R2, R3, PT","0","0","0","0"
"","","...","...","-","-","-","-"
"","","0x7f200b30e8b0","      FSETP.GT.AND P6, PT, R2, R3, PT","0","0","0","0"
"147","distance[Register] = take_peer ? peer_distance : current_distance;","-","-","0","0","0","0"
"","","0x7f200b30be20","      FSEL R33, R33, R38, !P5","0","0","0","0"
"","","0x7f200b30be30","      P2R R43, PR, RZ, 0x20","0","0","0","0"
"","","...","...","-","-","-","-"
"","","0x7f200b30bed0","      FSEL R2, R2, R33, !P5","0","0","0","0"
"","","0x7f200b30bee0","      P2R R44, PR, RZ, 0x20","0","0","0","0"
"","","...","...","-","-","-","-"
"","","0x7f200b30bf90","      FSEL R3, R3, R2, !P5","0","0","0","0"
"","","0x7f200b30bfa0","      P2R R33, PR, RZ, 0x20","0","0","0","0"
"","","...","...","-","-","-","-"
"","","0x7f200b30c040","      FSEL R38, R38, R3, !P6","0","0","0","0"
"","","0x7f200b30c050","      P2R R57, PR, RZ, 0x40","0","0","0","0"
"","","...","...","-","-","-","-"
"","","0x7f200b30c0f0","      FSEL R2, R3, R38, !P6","0","0","0","0"
"","","0x7f200b30c100","      P2R R56, PR, RZ, 0x40","0","0","0","0"
"","","...","...","-","-","-","-"
"","","0x7f200b30c1b0","      FSEL R3, R3, R2, !P6","0","0","0","0"
"","","0x7f200b30c1c0","      P2R R5, PR, RZ, 0x40","0","0","0","0"
"","","...","...","-","-","-","-"
"","","0x7f200b30c260","      FSEL R47, R38, R3, !P6","0","0","0","0"
"","","0x7f200b30c270","      P2R R54, PR, RZ, 0x40","0","0","0","0"
"","","...","...","-","-","-","-"
"","","0x7f200b30c310","      FSEL R2, R2, R47, !P6","0","0","0","0"
"","","0x7f200b30c320","      P2R R53, PR, RZ, 0x40","0","0","0","0"
"","","...","...","-","-","-","-"
"","","0x7f200b30c3c0","      FSEL R38, R3, R2, !P6","0","0","0","0"
"","","0x7f200b30c3d0","      P2R R52, PR, RZ, 0x40","0","0","0","0"
"","","...","...","-","-","-","-"
"","","0x7f200b30c470","      FSEL R2, R3, R38, !P6","0","0","0","0"
"","","0x7f200b30c480","      P2R R51, PR, RZ, 0x40","0","0","0","0"
"","","...","...","-","-","-","-"
"","","0x7f200b30c520","      FSEL R3, R3, R2, !P6","0","0","0","0"
"","","0x7f200b30c530","      P2R R50, PR, RZ, 0x40","0","0","0","0"
"","","...","...","-","-","-","-"
"","","0x7f200b30c5e0","      FSEL R49, R38, R3, !P6","0","0","0","0"
"","","0x7f200b30c5f0","      P2R R46, PR, RZ, 0x40","0","0","0","0"
"","","...","...","-","-","-","-"
"","","0x7f200b30c6a0","      FSEL R2, R2, R49, !P6","0","0","0","0"
"","","0x7f200b30c6b0","      P2R R59, PR, RZ, 0x40","0","0","0","0"
"","","...","...","-","-","-","-"
"","","0x7f200b30c750","      FSEL R38, R3, R2, !P2","0","0","0","0"
"","","0x7f200b30c760","      P2R R49, PR, RZ, 0x4","0","0","0","0"
"","","0x7f200b30c770","      ISETP.NE.AND P2, PT, R50, RZ, PT","0","0","0","0"
"","","...","...","-","-","-","-"
"","","0x7f200b30c960","      FSEL R2, R3, R38, !P4","0","0","0","0"
"","","...","...","-","-","-","-"
"","","0x7f200b30d7e0","      FSEL R38, R33, R38, !P3","0","0","0","0"
"","","...","...","-","-","-","-"
"","","0x7f200b30d940","      FSEL R38, R33, R38, !P4","0","0","0","0"
"","","...","...","-","-","-","-"
"","","0x7f200b30da90","      FSEL R38, R33, R38, !P4","0","0","0","0"
"","","...","...","-","-","-","-"
"","","0x7f200b30dbf0","      FSEL R38, R33, R38, !P5","0","0","0","0"
"","","...","...","-","-","-","-"
"","","0x7f200b30dd40","      FSEL R38, R33, R38, !P5","0","0","0","0"
"","","...","...","-","-","-","-"
"","","0x7f200b30de90","      FSEL R38, R33, R38, !P5","0","0","0","0"
"","","...","...","-","-","-","-"
"","","0x7f200b30dff0","      FSEL R38, R33, R38, !P6","0","0","0","0"
"","","...","...","-","-","-","-"
"","","0x7f200b30e140","      FSEL R38, R33, R38, !P6","0","0","0","0"
"","","...","...","-","-","-","-"
"","","0x7f200b30e290","      FSEL R38, R33, R38, !P6","0","0","0","0"
"","","...","...","-","-","-","-"
"","","0x7f200b30e3e0","      FSEL R38, R33, R38, !P6","0","0","0","0"
"","","...","...","-","-","-","-"
"","","0x7f200b30e530","      FSEL R38, R33, R38, !P6","0","0","0","0"
"","","...","...","-","-","-","-"
"","","0x7f200b30e680","      FSEL R38, R33, R38, !P6","0","0","0","0"
"","","...","...","-","-","-","-"
"","","0x7f200b30e7d0","      FSEL R38, R33, R38, !P6","0","0","0","0"
"","","...","...","-","-","-","-"
"","","0x7f200b30e920","      FSEL R38, R33, R38, !P6","0","0","0","0"
"","","...","...","-","-","-","-"
"","","0x7f200b30ea60","      FSEL R2, R33, R38, !P0","0","0","0","0"
"148","index[Register] = take_peer ? peer_index : current_index;","-","-","0","0","0","0"
"","","0x7f200b30ca30","      SEL R44, R44, R37, !P2","0","0","0","0"
"","","0x7f200b30ca40","      ISETP.NE.AND P2, PT, R33, RZ, PT","0","0","0","0"
"","","...","...","-","-","-","-"
"","","0x7f200b30cad0","      SEL R46, R33, R44, !P2","0","0","0","0"
"","","0x7f200b30cae0","      ISETP.NE.AND P2, PT, R58, RZ, PT","0","0","0","0"
"","","...","...","-","-","-","-"
"","","0x7f200b30cb00","      SEL R33, R33, R46, !P2","0","0","0","0"
"","","0x7f200b30cb10","      ISETP.NE.AND P2, PT, R57, RZ, PT","0","0","0","0"
"","","...","...","-","-","-","-"
"","","0x7f200b30cb30","      SEL R58, R58, R33, !P2","0","0","0","0"
"","","0x7f200b30cb40","      ISETP.NE.AND P2, PT, R56, RZ, PT","0","0","0","0"
"","","...","...","-","-","-","-"
"","","0x7f200b30cb60","      SEL R56, R43, R58, !P2","0","0","0","0"
"","","0x7f200b30cb70","      ISETP.NE.AND P2, PT, R55, RZ, PT","0","0","0","0"
"","","...","...","-","-","-","-"
"","","0x7f200b30cb90","      SEL R43, R43, R56, !P2","0","0","0","0"
"","","0x7f200b30cba0","      ISETP.NE.AND P2, PT, R54, RZ, PT","0","0","0","0"
"","","...","...","-","-","-","-"
"","","0x7f200b30cbc0","      SEL R37, R54, R43, !P2","0","0","0","0"
"","","0x7f200b30cbd0","      ISETP.NE.AND P2, PT, R53, RZ, PT","0","0","0","0"
"","","...","...","-","-","-","-"
"","","0x7f200b30cbf0","      SEL R44, R44, R37, !P2","0","0","0","0"
"","","0x7f200b30cc00","      ISETP.NE.AND P2, PT, R52, RZ, PT","0","0","0","0"
"","","...","...","-","-","-","-"
"","","0x7f200b30cc20","      SEL R46, R53, R44, !P2","0","0","0","0"
"","","0x7f200b30cc30","      ISETP.NE.AND P2, PT, R51, RZ, PT","0","0","0","0"
"","","...","...","-","-","-","-"
"","","0x7f200b30cc50","      SEL R52, R33, R46, !P2","0","0","0","0"
"","","0x7f200b30cc60","      ISETP.NE.AND P2, PT, R50, RZ, PT","0","0","0","0"
"","","...","...","-","-","-","-"
"","","0x7f200b30cc80","      SEL R33, R33, R52, !P2","0","0","0","0"
"","","0x7f200b30cc90","      ISETP.NE.AND P2, PT, R49, RZ, PT","0","0","0","0"
"","","...","...","-","-","-","-"
"","","0x7f200b30ccb0","      SEL R43, R50, R33, !P6","0","0","0","0"
"","","...","...","-","-","-","-"
"","","0x7f200b30ccd0","      SEL R50, R50, R43, !P3","0","0","0","0"
"","","...","...","-","-","-","-"
"","","0x7f200b30cd20","      SEL R44, R37, R50, !P2","0","0","0","0"
"","","0x7f200b30cd30","      ISETP.NE.AND P2, PT, R48, RZ, PT","0","0","0","0"
"","","...","...","-","-","-","-"
"","","0x7f200b30cd50","      SEL R37, R37, R44, !P4","0","0","0","0"
"","","0x7f200b30cd60","      ISETP.NE.AND P4, PT, R47, RZ, PT","0","0","0","0"
"","","...","...","-","-","-","-"
"","","0x7f200b30d7f0","      SEL R37, R44, R37, !P3","0","0","0","0"
"","","...","...","-","-","-","-"
"","","0x7f200b30d950","      SEL R37, R44, R37, !P4","0","0","0","0"
"","","...","...","-","-","-","-"
"","","0x7f200b30daa0","      SEL R49, R44, R37, !P4","0","0","0","0"
"","","...","...","-","-","-","-"
"","","0x7f200b30dc00","      SEL R49, R44, R49, !P5","0","0","0","0"
"","","...","...","-","-","-","-"
"","","0x7f200b30dd50","      SEL R49, R44, R49, !P5","0","0","0","0"
"","","...","...","-","-","-","-"
"","","0x7f200b30dea0","      SEL R49, R44, R49, !P5","0","0","0","0"
"","","...","...","-","-","-","-"
"","","0x7f200b30e000","      SEL R49, R44, R49, !P6","0","0","0","0"
"","","...","...","-","-","-","-"
"","","0x7f200b30e150","      SEL R49, R44, R49, !P6","0","0","0","0"
"","","...","...","-","-","-","-"
"","","0x7f200b30e2a0","      SEL R49, R44, R49, !P6","0","0","0","0"
"","","...","...","-","-","-","-"
"","","0x7f200b30e3f0","      SEL R49, R44, R49, !P6","0","0","0","0"
"","","...","...","-","-","-","-"
"","","0x7f200b30e540","      SEL R49, R44, R49, !P6","0","0","0","0"
"","","...","...","-","-","-","-"
"","","0x7f200b30e690","      SEL R49, R44, R49, !P6","0","0","0","0"
"","","...","...","-","-","-","-"
"","","0x7f200b30e7e0","      SEL R49, R44, R49, !P6","0","0","0","0"
"","","...","...","-","-","-","-"
"","","0x7f200b30e930","      SEL R49, R44, R49, !P6","0","0","0","0"
"","","...","...","-","-","-","-"
"","","0x7f200b30ea70","      SEL R37, R44, R49, !P0","0","0","0","0"
"189","BitonicSortDescendingShuffle<","-","-","0","0","0","0"
"","","0x7f200b30bd40","      BRA.DIV ~URZ, 0x7f200b30d650","0","0","0","0"
"","","0x7f200b30bd50","      SHFL.IDX PT, R33, R38, R39, 0x1f","0","0","0","0"
"","","...","...","-","-","-","-"
"","","0x7f200b30bdf0","      ISETP.NE.AND P4, PT, R49, RZ, PT","0","0","0","0"
"","","...","...","-","-","-","-"
"","","0x7f200b30bef0","      SHFL.IDX PT, R3, R2, R39, 0x1f","0","0","0","0"
"","","...","...","-","-","-","-"
"","","0x7f200b30bf60","      ISETP.NE.AND P3, PT, R48, RZ, PT","0","0","0","0"
"","","...","...","-","-","-","-"
"","","0x7f200b30c060","      SHFL.IDX PT, R3, R38, R35, 0x1f","0","0","0","0"
"","","...","...","-","-","-","-"
"","","0x7f200b30c110","      SHFL.IDX PT, R3, R2, R39, 0x1f","0","0","0","0"
"","","...","...","-","-","-","-"
"","","0x7f200b30c180","      ISETP.NE.AND P5, PT, R47, RZ, PT","0","0","0","0"
"","","...","...","-","-","-","-"
"","","0x7f200b30c280","      SHFL.IDX PT, R2, R47, R42, 0x1f","0","0","0","0"
"","","...","...","-","-","-","-"
"","","0x7f200b30c330","      SHFL.IDX PT, R3, R2, R35, 0x1f","0","0","0","0"
"","","...","...","-","-","-","-"
"","","0x7f200b30c3e0","      SHFL.IDX PT, R3, R38, R39, 0x1f","0","0","0","0"
"","","...","...","-","-","-","-"
"","","0x7f200b30c490","      SHFL.IDX PT, R3, R2, R41, 0x1f","0","0","0","0"
"","","...","...","-","-","-","-"
"","","0x7f200b30c540","      SHFL.IDX PT, R38, R3, R40, 0x1f","0","0","0","0"
"","","...","...","-","-","-","-"
"","","0x7f200b30c600","      SHFL.IDX PT, R2, R49, R42, 0x1f","0","0","0","0"
"","","...","...","-","-","-","-"
"","","0x7f200b30c6c0","      SHFL.IDX PT, R3, R2, R35, 0x1f","0","0","0","0"
"","","...","...","-","-","-","-"
"","","0x7f200b30c780","      SHFL.IDX PT, R3, R38, R39, 0x1f","0","0","0","0"
"","","0x7f200b30c790","      P2R R50, PR, RZ, 0x4","0","0","0","0"
"","","0x7f200b30c7a0","      ISETP.NE.AND P2, PT, R51, RZ, PT","0","0","0","0"
"","","0x7f200b30c7b0","      P2R R51, PR, RZ, 0x4","0","0","0","0"
"","","0x7f200b30c7c0","      ISETP.NE.AND P2, PT, R52, RZ, PT","0","0","0","0"
"","","0x7f200b30c7d0","      P2R R52, PR, RZ, 0x4","0","0","0","0"
"","","0x7f200b30c7e0","      ISETP.NE.AND P2, PT, R53, RZ, PT","0","0","0","0"
"","","0x7f200b30c7f0","      P2R R53, PR, RZ, 0x4","0","0","0","0"
"","","0x7f200b30c800","      ISETP.NE.AND P2, PT, R54, RZ, PT","0","0","0","0"
"198","BitonicSortDescendingStrides<","-","-","0","0","0","0"
"","","0x7f200b30bef0","      SHFL.IDX PT, R3, R2, R39, 0x1f","0","0","0","0"
"","","...","...","-","-","-","-"
"","","0x7f200b30c060","      SHFL.IDX PT, R3, R38, R35, 0x1f","0","0","0","0"
"","","...","...","-","-","-","-"
"","","0x7f200b30c110","      SHFL.IDX PT, R3, R2, R39, 0x1f","0","0","0","0"
"","","...","...","-","-","-","-"
"","","0x7f200b30c280","      SHFL.IDX PT, R2, R47, R42, 0x1f","0","0","0","0"
"","","...","...","-","-","-","-"
"","","0x7f200b30c330","      SHFL.IDX PT, R3, R2, R35, 0x1f","0","0","0","0"
"","","...","...","-","-","-","-"
"","","0x7f200b30c3e0","      SHFL.IDX PT, R3, R38, R39, 0x1f","0","0","0","0"
"","","...","...","-","-","-","-"
"","","0x7f200b30c540","      SHFL.IDX PT, R38, R3, R40, 0x1f","0","0","0","0"
"","","...","...","-","-","-","-"
"","","0x7f200b30c600","      SHFL.IDX PT, R2, R49, R42, 0x1f","0","0","0","0"
"","","...","...","-","-","-","-"
"","","0x7f200b30c6c0","      SHFL.IDX PT, R3, R2, R35, 0x1f","0","0","0","0"
"","","...","...","-","-","-","-"
"","","0x7f200b30c780","      SHFL.IDX PT, R3, R38, R39, 0x1f","0","0","0","0"
"","","0x7f200b30c790","      P2R R50, PR, RZ, 0x4","0","0","0","0"
"","","0x7f200b30c7a0","      ISETP.NE.AND P2, PT, R51, RZ, PT","0","0","0","0"
"","","0x7f200b30c7b0","      P2R R51, PR, RZ, 0x4","0","0","0","0"
"","","0x7f200b30c7c0","      ISETP.NE.AND P2, PT, R52, RZ, PT","0","0","0","0"
"","","0x7f200b30c7d0","      P2R R52, PR, RZ, 0x4","0","0","0","0"
"","","0x7f200b30c7e0","      ISETP.NE.AND P2, PT, R53, RZ, PT","0","0","0","0"
"","","0x7f200b30c7f0","      P2R R53, PR, RZ, 0x4","0","0","0","0"
"","","0x7f200b30c800","      ISETP.NE.AND P2, PT, R54, RZ, PT","0","0","0","0"
"209","BitonicSortDescendingStrides<","-","-","0","0","0","0"
"","","0x7f200b30bd40","      BRA.DIV ~URZ, 0x7f200b30d650","0","0","0","0"
"","","0x7f200b30bd50","      SHFL.IDX PT, R33, R38, R39, 0x1f","0","0","0","0"
"","","...","...","-","-","-","-"
"","","0x7f200b30bdf0","      ISETP.NE.AND P4, PT, R49, RZ, PT","0","0","0","0"
"","","...","...","-","-","-","-"
"","","0x7f200b30bf60","      ISETP.NE.AND P3, PT, R48, RZ, PT","0","0","0","0"
"","","...","...","-","-","-","-"
"","","0x7f200b30c180","      ISETP.NE.AND P5, PT, R47, RZ, PT","0","0","0","0"
"","","...","...","-","-","-","-"
"","","0x7f200b30c490","      SHFL.IDX PT, R3, R2, R41, 0x1f","0","0","0","0"
"213","BitonicSortDescending<","-","-","0","0","0","0"
"","","0x7f200b30bdf0","      ISETP.NE.AND P4, PT, R49, RZ, PT","0","0","0","0"
"","","...","...","-","-","-","-"
"","","0x7f200b30bf60","      ISETP.NE.AND P3, PT, R48, RZ, PT","0","0","0","0"
"","","...","...","-","-","-","-"
"","","0x7f200b30c180","      ISETP.NE.AND P5, PT, R47, RZ, PT","0","0","0","0"
"","","...","...","-","-","-","-"
"","","0x7f200b30c490","      SHFL.IDX PT, R3, R2, R41, 0x1f","0","0","0","0"
"228","const bool swap = current_distance > peer_distance;","-","-","0","0","0","0"
"","","0x7f200b30c970","      FSETP.GT.AND P0, PT, R31, R2, PT","0","0","0","0"
"","","...","...","-","-","-","-"
"","","0x7f200b30ea90","      FSETP.GT.AND P0, PT, R31, R2, PT","0","0","0","0"
"229","distance[Register] = swap ? peer_distance : current_distance;","-","-","0","0","0","0"
"","","0x7f200b30c980","      FSEL R44, R2, R31, P0","0","0","0","0"
"","","...","...","-","-","-","-"
"","","0x7f200b30eaa0","      FSEL R48, R2, R31, P0","0","0","0","0"
"230","distance[PeerRegister] = swap ? current_distance : peer_distance;","-","-","0","0","0","0"
"","","0x7f200b30ce70","      FSEL R33, R31, R2, P0","0","0","0","0"
"","","...","...","-","-","-","-"
"","","0x7f200b30eab0","      FSEL R33, R31, R2, P0","0","0","0","0"
"231","index[Register] = swap ? peer_index : current_index;","-","-","0","0","0","0"
"","","0x7f200b30cd70","      SEL R46, R37, R32, P0","0","0","0","0"
"","","...","...","-","-","-","-"
"","","0x7f200b30eac0","      SEL R47, R37, R32, P0","0","0","0","0"
"232","index[PeerRegister] = swap ? current_index : peer_index;","-","-","0","0","0","0"
"","","0x7f200b30cd80","      SEL R37, R32, R37, P0","0","0","0","0"
"","","...","...","-","-","-","-"
"","","0x7f200b30eae0","      SEL R37, R32, R37, P0","0","0","0","0"
"246","CoordDType peer_distance = WARP_SHFL(","-","-","0","0","0","0"
"","","0x7f200b30c990","      SHFL.IDX PT, R3, R44, R41, 0x1f","0","0","0","0"
"","","...","...","-","-","-","-"
"","","0x7f200b30ca20","      SHFL.IDX PT, R5, R38, R40, 0x1f","0","0","0","0"
"","","...","...","-","-","-","-"
"","","0x7f200b30cd10","      SHFL.IDX PT, R38, R5, R42, 0x1f","0","0","0","0"
"","","...","...","-","-","-","-"
"","","0x7f200b30ce50","      SHFL.IDX PT, R5, R38, R35, 0x1f","0","0","0","0"
"","","...","...","-","-","-","-"
"","","0x7f200b30cf20","      SHFL.IDX PT, R41, R40, R39, 0x1f","0","0","0","0"
"248","int peer_index = WARP_SHFL(","-","-","0","0","0","0"
"","","0x7f200b30cd90","      SHFL.IDX PT, R41, R46, R41, 0x1f","0","0","0","0"
"","","...","...","-","-","-","-"
"","","0x7f200b30cdc0","      SHFL.IDX PT, R40, R3, R40, 0x1f","0","0","0","0"
"","","...","...","-","-","-","-"
"","","0x7f200b30ce30","      SHFL.IDX PT, R44, R33, R42, 0x1f","0","0","0","0"
"","","...","...","-","-","-","-"
"","","0x7f200b30ce80","      SHFL.IDX PT, R3, R44, R35, 0x1f","0","0","0","0"
"","","...","...","-","-","-","-"
"","","0x7f200b30cf30","      SHFL.IDX PT, R3, R42, R39, 0x1f","0","0","0","0"
"251","const bool take_peer = lower_lane","-","-","0","0","0","0"
"","","0x7f200b30c9b0","      SEL R5, RZ, 0xffffffff, P6","0","0","0","0"
"","","...","...","-","-","-","-"
"","","0x7f200b30c9d0","@!P5  SEL R5, RZ, 0xffffffff, !P6","0","0","0","0"
"","","0x7f200b30c9e0","      LOP3.LUT R5, R5, 0x1, RZ, 0xc0, !PT","0","0","0","0"
"","","0x7f200b30c9f0","      ISETP.NE.U32.AND P5, PT, R5, 0x1, PT","0","0","0","0"
"","","...","...","-","-","-","-"
"","","0x7f200b30ca70","      SEL R3, RZ, 0xffffffff, P6","0","0","0","0"
"","","...","...","-","-","-","-"
"","","0x7f200b30ca90","@!P3  SEL R3, RZ, 0xffffffff, !P6","0","0","0","0"
"","","0x7f200b30caa0","      ISETP.NE.AND P6, PT, R46, RZ, PT","0","0","0","0"
"","","0x7f200b30cab0","      ISETP.NE.AND P3, PT, R59, RZ, PT","0","0","0","0"
"","","0x7f200b30cac0","      LOP3.LUT R3, R3, 0x1, RZ, 0xc0, !PT","0","0","0","0"
"","","...","...","-","-","-","-"
"","","0x7f200b30cce0","      ISETP.NE.U32.AND P3, PT, R3, 0x1, PT","0","0","0","0"
"","","...","...","-","-","-","-"
"","","0x7f200b30cdd0","      SEL R43, RZ, 0xffffffff, P5","0","0","0","0"
"","","...","...","-","-","-","-"
"","","0x7f200b30cdf0","@!P4  SEL R43, RZ, 0xffffffff, !P5","0","0","0","0"
"","","0x7f200b30ce00","      LOP3.LUT R43, R43, 0x1, RZ, 0xc0, !PT","0","0","0","0"
"","","...","...","-","-","-","-"
"","","0x7f200b30ce20","      ISETP.NE.U32.AND P3, PT, R43, 0x1, PT","0","0","0","0"
"","","...","...","-","-","-","-"
"","","0x7f200b30ceb0","      SEL R40, RZ, 0xffffffff, P4","0","0","0","0"
"","","0x7f200b30cec0","@!P2  SEL R40, RZ, 0xffffffff, !P3","0","0","0","0"
"","","0x7f200b30ced0","      LOP3.LUT R40, R40, 0x1, RZ, 0xc0, !PT","0","0","0","0"
"","","0x7f200b30cee0","      ISETP.NE.U32.AND P2, PT, R40, 0x1, PT","0","0","0","0"
"","","...","...","-","-","-","-"
"","","0x7f200b30cf60","      SEL R2, RZ, 0xffffffff, P2","0","0","0","0"
"","","0x7f200b30cf70","@P1   SEL R2, RZ, 0xffffffff, !P0","0","0","0","0"
"","","0x7f200b30cf80","      LOP3.LUT R2, R2, 0x1, RZ, 0xc0, !PT","0","0","0","0"
"","","0x7f200b30cf90","      ISETP.NE.U32.AND P0, PT, R2, 0x1, PT","0","0","0","0"
"","","...","...","-","-","-","-"
"","","0x7f200b30eba0","      SEL R2, RZ, 0xffffffff, P0","0","0","0","0"
"","","...","...","-","-","-","-"
"","","0x7f200b30ebc0","@!P5  SEL R2, RZ, 0xffffffff, !P0","0","0","0","0"
"","","0x7f200b30ebd0","      LOP3.LUT R2, R2, 0x1, RZ, 0xc0, !PT","0","0","0","0"
"","","0x7f200b30ebe0","      ISETP.NE.U32.AND P0, PT, R2, 0x1, PT","0","0","0","0"
"","","...","...","-","-","-","-"
"","","0x7f200b30ece0","      SEL R2, RZ, 0xffffffff, P5","0","0","0","0"
"","","0x7f200b30ecf0","@!P4  SEL R2, RZ, 0xffffffff, !P0","0","0","0","0"
"","","0x7f200b30ed00","      LOP3.LUT R2, R2, 0x1, RZ, 0xc0, !PT","0","0","0","0"
"","","0x7f200b30ed10","      ISETP.NE.U32.AND P0, PT, R2, 0x1, PT","0","0","0","0"
"","","...","...","-","-","-","-"
"","","0x7f200b30ee10","      SEL R2, RZ, 0xffffffff, P4","0","0","0","0"
"","","0x7f200b30ee20","@!P3  SEL R2, RZ, 0xffffffff, !P0","0","0","0","0"
"","","0x7f200b30ee30","      LOP3.LUT R2, R2, 0x1, RZ, 0xc0, !PT","0","0","0","0"
"","","0x7f200b30ee40","      ISETP.NE.U32.AND P0, PT, R2, 0x1, PT","0","0","0","0"
"","","...","...","-","-","-","-"
"","","0x7f200b30ef40","      SEL R2, RZ, 0xffffffff, P3","0","0","0","0"
"","","0x7f200b30ef50","@!P2  SEL R2, RZ, 0xffffffff, !P0","0","0","0","0"
"","","0x7f200b30ef60","      LOP3.LUT R2, R2, 0x1, RZ, 0xc0, !PT","0","0","0","0"
"","","0x7f200b30ef70","      ISETP.NE.U32.AND P0, PT, R2, 0x1, PT","0","0","0","0"
"252","? current_distance > peer_distance","-","-","0","0","0","0"
"","","0x7f200b30c9c0","      FSETP.GT.AND P6, PT, R44, R3, PT","0","0","0","0"
"","","...","...","-","-","-","-"
"","","0x7f200b30ca80","      FSETP.GT.AND P6, PT, R38, R5, PT","0","0","0","0"
"","","...","...","-","-","-","-"
"","","0x7f200b30cde0","      FSETP.GT.AND P5, PT, R5, R38, PT","0","0","0","0"
"","","...","...","-","-","-","-"
"","","0x7f200b30cea0","      FSETP.GT.AND P3, PT, R38, R5, PT","0","0","0","0"
"","","...","...","-","-","-","-"
"","","0x7f200b30cf50","      FSETP.GT.AND P0, PT, R40, R41, PT","0","0","0","0"
"","","...","...","-","-","-","-"
"","","0x7f200b30ebb0","      FSETP.GT.AND P0, PT, R48, R31, PT","0","0","0","0"
"","","...","...","-","-","-","-"
"","","0x7f200b30ecd0","      FSETP.GT.AND P0, PT, R48, R31, PT","0","0","0","0"
"","","...","...","-","-","-","-"
"","","0x7f200b30ee00","      FSETP.GT.AND P0, PT, R48, R31, PT","0","0","0","0"
"","","...","...","-","-","-","-"
"","","0x7f200b30ef30","      FSETP.GT.AND P0, PT, R40, R31, PT","0","0","0","0"
"253",": current_distance < peer_distance;","-","-","0","0","0","0"
"","","0x7f200b30c9a0","      FSETP.GEU.AND P6, PT, R44, R3, PT","0","0","0","0"
"","","...","...","-","-","-","-"
"","","0x7f200b30ca50","      FSETP.GEU.AND P6, PT, R38, R5, PT","0","0","0","0"
"","","...","...","-","-","-","-"
"","","0x7f200b30cdb0","      FSETP.GEU.AND P5, PT, R5, R38, PT","0","0","0","0"
"","","...","...","-","-","-","-"
"","","0x7f200b30ce90","      FSETP.GEU.AND P4, PT, R38, R5, PT","0","0","0","0"
"","","...","...","-","-","-","-"
"","","0x7f200b30cf40","      FSETP.GEU.AND P2, PT, R40, R41, PT","0","0","0","0"
"","","...","...","-","-","-","-"
"","","0x7f200b30eb80","      FSETP.GEU.AND P0, PT, R48, R31, PT","0","0","0","0"
"","","...","...","-","-","-","-"
"","","0x7f200b30ecb0","      FSETP.GEU.AND P5, PT, R48, R31, PT","0","0","0","0"
"","","...","...","-","-","-","-"
"","","0x7f200b30ede0","      FSETP.GEU.AND P4, PT, R48, R31, PT","0","0","0","0"
"","","...","...","-","-","-","-"
"","","0x7f200b30ef10","      FSETP.GEU.AND P3, PT, R40, R31, PT","0","0","0","0"
"254","distance[Register] = take_peer ? peer_distance : current_distance;","-","-","0","0","0","0"
"","","0x7f200b30ca00","      FSEL R38, R3, R44, !P5","0","0","0","0"
"","","...","...","-","-","-","-"
"","","0x7f200b30cd00","      FSEL R5, R5, R38, !P3","0","0","0","0"
"","","...","...","-","-","-","-"
"","","0x7f200b30ce40","      FSEL R38, R38, R5, !P3","0","0","0","0"
"","","...","...","-","-","-","-"
"","","0x7f200b30cef0","      FSEL R40, R5, R38, !P2","0","0","0","0"
"","","...","...","-","-","-","-"
"","","0x7f200b30cfa0","      FSEL R39, R41, R40, !P0","0","0","0","0"
"","","...","...","-","-","-","-"
"","","0x7f200b30ec00","      FSEL R48, R31, R48, !P0","0","0","0","0"
"","","...","...","-","-","-","-"
"","","0x7f200b30ed30","      FSEL R48, R31, R48, !P0","0","0","0","0"
"","","...","...","-","-","-","-"
"","","0x7f200b30ee60","      FSEL R40, R31, R48, !P0","0","0","0","0"
"","","...","...","-","-","-","-"
"","","0x7f200b30ef90","      FSEL R40, R31, R40, !P0","0","0","0","0"
"255","index[Register] = take_peer ? peer_index : current_index;","-","-","0","0","0","0"
"","","0x7f200b30cda0","      SEL R3, R41, R46, !P5","0","0","0","0"
"","","...","...","-","-","-","-"
"","","0x7f200b30ce10","      SEL R33, R40, R3, !P3","0","0","0","0"
"","","...","...","-","-","-","-"
"","","0x7f200b30ce60","      SEL R44, R44, R33, !P3","0","0","0","0"
"","","...","...","-","-","-","-"
"","","0x7f200b30cf10","      SEL R42, R3, R44, !P2","0","0","0","0"
"","","...","...","-","-","-","-"
"","","0x7f200b30cfb0","      SEL R32, R3, R42, !P0","0","0","0","0"
"","","0x7f200b30cfc0","      IMAD.MOV.U32 R31, RZ, RZ, R39","0","0","0","0"
"","","0x7f200b30cfd0","      BSYNC B3","0","0","0","0"
"","","0x7f200b30cfe0","      ISETP.NE.AND P0, PT, R45, RZ, PT","0","0","0","0"
"","","...","...","-","-","-","-"
"","","0x7f200b30ec10","      SEL R47, R44, R47, !P0","0","0","0","0"
"","","...","...","-","-","-","-"
"","","0x7f200b30ed40","      SEL R47, R44, R47, !P0","0","0","0","0"
"","","...","...","-","-","-","-"
"","","0x7f200b30ee70","      SEL R47, R44, R47, !P0","0","0","0","0"
"","","...","...","-","-","-","-"
"","","0x7f200b30efa0","      SEL R42, R44, R47, !P0","0","0","0","0"
"290","BitonicMergeAscendingShuffle<","-","-","0","0","0","0"
"","","0x7f200b30c990","      SHFL.IDX PT, R3, R44, R41, 0x1f","0","0","0","0"
"","","...","...","-","-","-","-"
"","","0x7f200b30ca20","      SHFL.IDX PT, R5, R38, R40, 0x1f","0","0","0","0"
"","","...","...","-","-","-","-"
"","","0x7f200b30cd10","      SHFL.IDX PT, R38, R5, R42, 0x1f","0","0","0","0"
"","","...","...","-","-","-","-"
"","","0x7f200b30ce50","      SHFL.IDX PT, R5, R38, R35, 0x1f","0","0","0","0"
"","","...","...","-","-","-","-"
"","","0x7f200b30cf20","      SHFL.IDX PT, R41, R40, R39, 0x1f","0","0","0","0"
"299","BitonicMergeAscending<","-","-","0","0","0","0"
"","","0x7f200b30ca20","      SHFL.IDX PT, R5, R38, R40, 0x1f","0","0","0","0"
"","","...","...","-","-","-","-"
"","","0x7f200b30cd10","      SHFL.IDX PT, R38, R5, R42, 0x1f","0","0","0","0"
"","","...","...","-","-","-","-"
"","","0x7f200b30ce50","      SHFL.IDX PT, R5, R38, R35, 0x1f","0","0","0","0"
"","","...","...","-","-","-","-"
"","","0x7f200b30cf20","      SHFL.IDX PT, R41, R40, R39, 0x1f","0","0","0","0"
"314","BitonicSortDescending<","-","-","0","0","0","0"
"","","0x7f200b30bd40","      BRA.DIV ~URZ, 0x7f200b30d650","0","0","0","0"
"","","0x7f200b30bd50","      SHFL.IDX PT, R33, R38, R39, 0x1f","0","0","0","0"
"317","BitonicCompareSplit<","-","-","0","0","0","0"
"","","0x7f200b30c970","      FSETP.GT.AND P0, PT, R31, R2, PT","0","0","0","0"
"319","BitonicMergeAscending<","-","-","0","0","0","0"
"","","0x7f200b30c990","      SHFL.IDX PT, R3, R44, R41, 0x1f","0","0","0","0"
"327","__global__ void FlashKNN_Query_dynamic_load_kernel(","-","-","2560","163840","1240","102400"
"","","0x7f200b30ac00","      IMAD.MOV.U32 R1, RZ, RZ, c[0x0][0x28]","0","0","0","0"
"360","int parent_idx = blockIdx.x + blockIdx.y*gridDim.x;","-","-","0","0","0","0"
"","","0x7f200b30ac10","      S2R R7, SR_CTAID.Y","0","0","0","0"
"","","0x7f200b30ac20","      S2R R0, SR_CTAID.X","0","0","0","0"
"","","0x7f200b30ac30","      IMAD R7, R7, c[0x0][0xc], R0","0","0","0","0"
"362","for(;parent_idx < N_prt;parent_idx += gridDim.x*gridDim.y){","-","-","0","0","0","0"
"","","0x7f200b30ac40","      ISETP.GE.AND P0, PT, R7, c[0x0][0x194], PT","0","0","0","0"
"","","0x7f200b30ac50","@P0   EXIT","0","0","0","0"
"","","...","...","-","-","-","-"
"","","0x7f200b30d330","      IMAD.MOV.U32 R2, RZ, RZ, c[0x0][0xc]","0","0","0","0"
"","","0x7f200b30d340","      IMAD R7, R2, c[0x0][0x10], R7","0","0","0","0"
"","","0x7f200b30d350","      ISETP.GE.AND P0, PT, R7, c[0x0][0x194], PT","0","0","0","0"
"","","0x7f200b30d360","@P0   CALL.REL.NOINC 0x7f200b30d380","0","0","0","0"
"","","0x7f200b30d370","      BRA 0x7f200b30adc0","0","0","0","0"
"363","int thread_idx_in_block = threadIdx.y*blockDim.x + threadIdx.x;","-","-","0","0","0","0"
"","","0x7f200b30ac60","      S2R R3, SR_TID.Y","0","0","0","0"
"","","...","...","-","-","-","-"
"","","0x7f200b30ac90","      S2R R0, SR_TID.X","0","0","0","0"
"","","...","...","-","-","-","-"
"","","0x7f200b30ad40","      IMAD R6, R3, c[0x0][0x0], R0","0","0","0","0"
"","","...","...","-","-","-","-"
"","","0x7f200b30b320","      S2R R3, SR_TID.Y","0","0","0","0"
"","","0x7f200b30b330","      IADD3 R25, R29, -0x1, RZ","0","0","0","0"
"","","...","...","-","-","-","-"
"","","0x7f200b30d050","      S2R R3, SR_TID.Y","0","0","0","0"
"364","total_support_points_num = *(CumCntInNeigh + 28*parent_idx + 27);","-","-","0","0","0","0"
"","","0x7f200b30adc0","      IMAD.MOV.U32 R5, RZ, RZ, 0x4","0","0","0","0"
"","","0x7f200b30add0","      IMAD R14, R7, 0x1c, RZ","0","0","0","0"
"","","0x7f200b30ade0","      IMAD.WIDE R2, R14, R5, c[0x0][0x188]","0","0","0","0"
"","","0x7f200b30adf0","      LDG.E R15, [R2.64+0x6c]","0","0","0","0"
"","","...","...","-","-","-","-"
"","","0x7f200b30ae40","      SHF.R.S32.HI R17, RZ, 0x1f, R14","0","0","0","0"
"","","...","...","-","-","-","-"
"","","0x7f200b30aeb0","      IMAD R5, R7, 0x1c, RZ","0","0","0","0"
"","","0x7f200b30aec0","      IMAD.MOV.U32 R21, RZ, RZ, RZ","0","0","0","0"
"","","...","...","-","-","-","-"
"","","0x7f200b30aee0","      SHF.R.S32.HI R3, RZ, 0x1f, R5","0","0","0","0"
"372","for(;loaded_support_points_num<total_support_points_num;){","-","-","0","0","0","0"
"","","0x7f200b30ae00","      ISETP.GE.AND P0, PT, R15, 0x1, PT","0","0","0","0"
"","","0x7f200b30ae10","@!P0  BRA 0x7f200b30d330","0","0","0","0"
"","","0x7f200b30ae20","      IADD3 R16, P0, R5, c[0x0][0x188], RZ","0","0","0","0"
"","","0x7f200b30ae30","      CS2R R18, SRZ","0","0","0","0"
"","","...","...","-","-","-","-"
"","","0x7f200b30ae50","      IMAD.X R20, RZ, RZ, c[0x0][0x18c], P0","0","0","0","0"
"","","...","...","-","-","-","-"
"","","0x7f200b30d300","      ISETP.GT.AND P0, PT, R15, R18, PT","0","0","0","0"
"","","0x7f200b30d310","@!P0  CALL.REL.NOINC 0x7f200b30d330","0","0","0","0"
"","","0x7f200b30d320","      BRA 0x7f200b30ae60","0","0","0","0"
"375","Dynamic_Load_Support_Points<CoordDType>(","-","-","0","0","0","0"
"","","0x7f200b30ac70","      UMOV UR6, 0x1","0","0","0","0"
"","","0x7f200b30ac80","      ULDC UR4, c[0x0][0x190]","0","0","0","0"
"390","__syncthreads();//当前批次的support点读取完毕","-","-","0","0","0","0"
"","","0x7f200b30b250","      BAR.SYNC.DEFER_BLOCKING 0x0","0","0","0","0"
"","","0x7f200b30b260","      IMAD.MOV.U32 R2, RZ, RZ, 0x4","0","0","0","0"
"","","0x7f200b30b270","      IMAD.WIDE R2, R7, R2, c[0x0][0x178]","0","0","0","0"
"396","int child_idx_start = Parent2Child[parent_idx];","-","-","0","0","0","0"
"","","0x7f200b30b290","      LDG.E R28, [R2.64]","0","0","0","0"
"397","int child_idx_end = Parent2Child[parent_idx + 1];","-","-","0","0","0","0"
"","","0x7f200b30b280","      LDG.E R29, [R2.64+0x4]","0","0","0","0"
"400","for(;child_idx_finished < child_idx_end;child_idx_finished += blockDim.y){","-","-","0","0","0","0"
"","","0x7f200b30b2f0","      ISETP.GE.AND P1, PT, R28, R29, PT","0","0","0","0"
"","","0x7f200b30b300","@P1   BRA 0x7f200b30d2a0","0","0","0","0"
"","","0x7f200b30b310","      IMAD.MOV.U32 R26, RZ, RZ, R28","0","0","0","0"
"","","...","...","-","-","-","-"
"","","0x7f200b30d260","      IADD3 R26, R26, c[0x0][0x4], RZ","0","0","0","0"
"","","0x7f200b30d270","      ISETP.GE.AND P0, PT, R26, R29, PT","0","0","0","0"
"","","0x7f200b30d280","@P0   CALL.REL.NOINC 0x7f200b30d2a0","0","0","0","0"
"","","0x7f200b30d290","      BRA 0x7f200b30b320","0","0","0","0"
"","","0x7f200b30d2a0","      BSYNC B0","0","0","0","0"
"402","int child_idx_origin = min(child_idx_finished+threadIdx.y, child_idx_end-1);","-","-","0","0","0","0"
"","","0x7f200b30b350","      IMAD.IADD R2, R3, 0x1, R26","0","0","0","0"
"","","0x7f200b30b360","      IMNMX.U32 R25, R25, R2, PT","0","0","0","0"
"","","...","...","-","-","-","-"
"","","0x7f200b30d060","      ISETP.GE.AND P0, PT, R0, c[0x0][0x190], PT","0","0","0","0"
"","","0x7f200b30d070","      BSSY B1, 0x7f200b30d260","0","0","0","0"
"","","0x7f200b30d080","      IMAD.IADD R2, R3, 0x1, R26","0","0","0","0"
"","","0x7f200b30d090","      ISETP.GE.U32.OR P0, PT, R2, R29, P0","0","0","0","0"
"404","CoordDType center_x = GridCoord[child_idx_origin*3 + 0];","-","-","0","0","0","0"
"","","0x7f200b30b340","      IMAD.MOV.U32 R41, RZ, RZ, 0x4","0","0","0","0"
"","","...","...","-","-","-","-"
"","","0x7f200b30b370","      IMAD R2, R25, 0x3, RZ","0","0","0","0"
"","","0x7f200b30b380","      IMAD.WIDE R2, R2, R41, c[0x0][0x170]","0","0","0","0"
"","","0x7f200b30b390","      LDG.E R24, [R2.64]","0","0","0","0"
"405","CoordDType center_y = GridCoord[child_idx_origin*3 + 1];","-","-","0","0","0","0"
"","","0x7f200b30b3a0","      LDG.E R23, [R2.64+0x4]","0","0","0","0"
"406","CoordDType center_z = GridCoord[child_idx_origin*3 + 2];","-","-","0","0","0","0"
"","","0x7f200b30b3b0","      LDG.E R22, [R2.64+0x8]","0","0","0","0"
"418","for(int i = 0;i < ArrayLengthPerThread;i++){best_idx[i]=child_idx_origin;best_dis[i] = INFINITY;} //初始化结果","-","-","0","0","0","0"
"","","0x7f200b30b3c0","      ISETP.NE.AND P0, PT, R18, RZ, PT","0","0","0","0"
"","","0x7f200b30b3d0","      BSSY B1, 0x7f200b30b620","0","0","0","0"
"","","0x7f200b30b3e0","      IMAD.MOV.U32 R39, RZ, RZ, 0x7f800000","0","0","0","0"
"","","0x7f200b30b3f0","      IMAD.MOV.U32 R33, RZ, RZ, 0x7f800000","0","0","0","0"
"","","...","...","-","-","-","-"
"","","0x7f200b30b410","      IMAD.MOV.U32 R30, RZ, RZ, R25","0","0","0","0"
"","","0x7f200b30b420","      IMAD.MOV.U32 R4, RZ, RZ, R25","0","0","0","0"
"419","if(loaded_support_points_num != loaded_support_points_num_cur_batch){ //不是第一个循环，从已有结果中读取数据","-","-","0","0","0","0"
"","","0x7f200b30b400","      IMAD.MOV.U32 R38, RZ, RZ, 0x7f800000","0","0","0","0"
"","","...","...","-","-","-","-"
"","","0x7f200b30b430","@!P0  BRA 0x7f200b30b5c0","0","0","0","0"
"","","0x7f200b30b440","      ISETP.GE.AND P0, PT, R0, c[0x0][0x190], PT","0","0","0","0"
"422","if(k < K){","-","-","0","0","0","0"
"","","0x7f200b30b450","      IMAD.MOV.U32 R21, RZ, RZ, RZ","0","0","0","0"
"","","0x7f200b30b460","      IMAD.MOV.U32 R31, RZ, RZ, 0x7f800000","0","0","0","0"
"","","0x7f200b30b470","      IMAD.MOV.U32 R32, RZ, RZ, R25","0","0","0","0"
"","","0x7f200b30b480","      IMAD.MOV.U32 R37, RZ, RZ, R25","0","0","0","0"
"","","0x7f200b30b490","@P0   BRA 0x7f200b30b610","0","0","0","0"
"","","...","...","-","-","-","-"
"","","0x7f200b30b500","      IMAD.MOV.U32 R37, RZ, RZ, R25","0","0","0","0"
"","","0x7f200b30b510","      IMAD.MOV.U32 R32, RZ, RZ, R30","0","0","0","0"
"","","0x7f200b30b520","      IMAD.MOV.U32 R31, RZ, RZ, R39","0","0","0","0"
"","","0x7f200b30b530","@P0   BRA 0x7f200b30b610","0","0","0","0"
"423","best_idx[i]=Indices_out[child_idx_origin*K+k];","-","-","0","0","0","0"
"","","0x7f200b30b4a0","      IMAD R2, R25, c[0x0][0x190], R0","0","0","0","0"
"","","0x7f200b30b4b0","      IMAD.WIDE R34, R2, R41, c[0x0][0x160]","0","0","0","0"
"","","...","...","-","-","-","-"
"","","0x7f200b30b4d0","      LDG.E R30, [R34.64]","0","0","0","0"
"","","...","...","-","-","-","-"
"","","0x7f200b30b540","      IMAD R2, R25, c[0x0][0x190], R8","0","0","0","0"
"","","0x7f200b30b550","      IMAD.WIDE R4, R2, R41, c[0x0][0x160]","0","0","0","0"
"","","...","...","-","-","-","-"
"","","0x7f200b30b570","      LDG.E R4, [R4.64]","0","0","0","0"
"424","best_dis[i]=Dis_out[child_idx_origin*K+k];","-","-","0","0","0","0"
"","","0x7f200b30b4c0","      IMAD.WIDE R2, R2, R41, c[0x0][0x168]","0","0","0","0"
"","","...","...","-","-","-","-"
"","","0x7f200b30b4e0","      LDG.E R39, [R2.64]","0","0","0","0"
"","","0x7f200b30b4f0","      ISETP.GE.AND P0, PT, R8, c[0x0][0x190], PT","0","0","0","0"
"","","...","...","-","-","-","-"
"","","0x7f200b30b560","      IMAD.WIDE R2, R2, R41, c[0x0][0x168]","0","0","0","0"
"","","...","...","-","-","-","-"
"","","0x7f200b30b580","      LDG.E R33, [R2.64]","0","0","0","0"
"","","0x7f200b30b590","      IMAD.MOV.U32 R37, RZ, RZ, R4","0","0","0","0"
"","","0x7f200b30b5a0","      IMAD.MOV.U32 R38, RZ, RZ, R33","0","0","0","0"
"","","0x7f200b30b5b0","      BRA 0x7f200b30b610","0","0","0","0"
"433","nbr_idx_start = max(child_idx_origin - child_idx_start - K, 0);","-","-","0","0","0","0"
"","","0x7f200b30b5c0","      IADD3 R21, R25, -c[0x0][0x190], -R28","0","0","0","0"
"","","0x7f200b30b5d0","      IMAD.MOV.U32 R31, RZ, RZ, 0x7f800000","0","0","0","0"
"","","0x7f200b30b5e0","      IMAD.MOV.U32 R32, RZ, RZ, R25","0","0","0","0"
"","","0x7f200b30b5f0","      IMNMX R21, RZ, R21, !PT","0","0","0","0"
"","","0x7f200b30b600","      IMAD.MOV.U32 R37, RZ, RZ, R25","0","0","0","0"
"","","0x7f200b30b610","      BSYNC B1","0","0","0","0"
"","","0x7f200b30b620","      ISETP.GE.AND P0, PT, R27, 0x1, PT","0","0","0","0"
"","","0x7f200b30b630","      BSSY B2, 0x7f200b30d050","0","0","0","0"
"439","while(S_points_num_traversed < loaded_support_points_num_cur_batch){","-","-","0","0","0","0"
"","","0x7f200b30b640","@!P0  BRA 0x7f200b30d040","0","0","0","0"
"","","0x7f200b30b650","      BSSY B1, 0x7f200b30d020","0","0","0","0"
"","","0x7f200b30b660","      IMAD.MOV.U32 R36, RZ, RZ, RZ","0","0","0","0"
"","","0x7f200b30b670","      IMAD.MOV.U32 R34, RZ, RZ, R0","0","0","0","0"
"","","...","...","-","-","-","-"
"","","0x7f200b30b720","      ISETP.GE.AND P0, PT, R36, R27, PT","0","0","0","0"
"","","...","...","-","-","-","-"
"","","0x7f200b30cff0","@P0   CALL.REL.NOINC 0x7f200b30d010","0","0","0","0"
"","","0x7f200b30d000","      BRA 0x7f200b30b680","0","0","0","0"
"","","0x7f200b30d010","      BSYNC B1","0","0","0","0"
"443","max_dis = best_dis[(K-1)>>depth_K];","-","-","0","0","0","0"
"","","0x7f200b30b680","      UISETP.EQ.AND UP1, UPT, UR5, 0x4, UPT","0","0","0","0"
"","","0x7f200b30b690","      ISETP.EQ.AND P0, PT, RZ, UR5, PT","0","0","0","0"
"","","0x7f200b30b6a0","      UISETP.EQ.AND UP0, UPT, UR5, 0x8, UPT","0","0","0","0"
"","","...","...","-","-","-","-"
"","","0x7f200b30b6d0","      PLOP3.LUT P1, PT, PT, PT, UP1, 0x80, 0x0","0","0","0","0"
"","","0x7f200b30b6e0","      UISETP.EQ.AND UP1, UPT, UR5, 0xc, UPT","0","0","0","0"
"","","0x7f200b30b6f0","      PLOP3.LUT P2, PT, PT, PT, UP0, 0x80, 0x0","0","0","0","0"
"","","0x7f200b30b700","      PLOP3.LUT P3, PT, PT, PT, UP1, 0x80, 0x0","0","0","0","0"
"","","0x7f200b30b710","@P0   IMAD.MOV.U32 R43, RZ, RZ, R39","0","0","0","0"
"","","...","...","-","-","-","-"
"","","0x7f200b30b730","@P1   IMAD.MOV.U32 R43, RZ, RZ, R33","0","0","0","0"
"","","0x7f200b30b740","      P2R R45, PR, RZ, 0x1","0","0","0","0"
"","","0x7f200b30b750","@P2   IMAD.MOV.U32 R43, RZ, RZ, R30","0","0","0","0"
"","","0x7f200b30b760","@P3   IMAD.MOV.U32 R43, RZ, RZ, R4","0","0","0","0"
"444","max_dis = WARP_SHFL(","-","-","0","0","0","0"
"","","0x7f200b30b6c0","      IMAD.MOV.U32 R5, RZ, RZ, -0x1","0","0","0","0"
"447","for(int batch_idx = 0;batch_idx < batch && offset < loaded_support_points_num_cur_batch;batch_idx++){","-","-","0","0","0","0"
"","","0x7f200b30b7b0","      ISETP.GE.AND P0, PT, R34, R27, PT","0","0","0","0"
"","","0x7f200b30b7c0","      BSSY B3, 0x7f200b30bac0","0","0","0","0"
"","","0x7f200b30b7d0","      IMAD.MOV.U32 R35, RZ, RZ, 0x1","0","0","0","0"
"","","0x7f200b30b7e0","@P0   BRA 0x7f200b30bab0","0","0","0","0"
"448","int child_nbr_idx_with_offset = ((nbr_idx_start + offset)%loaded_support_points_num_cur_batch);","-","-","0","0","0","0"
"","","0x7f200b30b7f0","      IABS R42, R27","0","0","0","0"
"","","0x7f200b30b800","      IMAD.IADD R35, R34, 0x1, R21","0","0","0","0"
"","","0x7f200b30b810","      IABS R43, R27","0","0","0","0"
"","","0x7f200b30b820","      I2F.RP R40, R42","0","0","0","0"
"","","...","...","-","-","-","-"
"","","0x7f200b30b840","      IMAD.MOV R43, RZ, RZ, -R43","0","0","0","0"
"","","0x7f200b30b850","      ISETP.GE.AND P2, PT, R35, RZ, PT","0","0","0","0"
"","","0x7f200b30b860","      MUFU.RCP R40, R40","0","0","0","0"
"","","0x7f200b30b870","      IADD3 R2, R40, 0xffffffe, RZ","0","0","0","0"
"","","0x7f200b30b880","      IABS R40, R35","0","0","0","0"
"","","0x7f200b30b890","      F2I.FTZ.U32.TRUNC.NTZ R3, R2","0","0","0","0"
"","","0x7f200b30b8a0","      IMAD.MOV.U32 R2, RZ, RZ, RZ","0","0","0","0"
"","","0x7f200b30b8b0","      IMAD.MOV R41, RZ, RZ, -R3","0","0","0","0"
"","","0x7f200b30b8c0","      IMAD R41, R41, R42, RZ","0","0","0","0"
"","","0x7f200b30b8d0","      IMAD.HI.U32 R3, R3, R41, R2","0","0","0","0"
"","","0x7f200b30b8e0","      IMAD.MOV.U32 R2, RZ, RZ, R43","0","0","0","0"
"","","0x7f200b30b8f0","      IMAD.HI.U32 R3, R3, R40, RZ","0","0","0","0"
"","","0x7f200b30b900","      IMAD R3, R3, R2, R40","0","0","0","0"
"","","0x7f200b30b910","      ISETP.GT.U32.AND P0, PT, R42, R3, PT","0","0","0","0"
"","","0x7f200b30b920","@!P0  IMAD.IADD R3, R3, 0x1, -R42","0","0","0","0"
"","","0x7f200b30b930","      ISETP.NE.AND P0, PT, R27, RZ, PT","0","0","0","0"
"","","0x7f200b30b940","      ISETP.GT.U32.AND P1, PT, R42, R3, PT","0","0","0","0"
"","","0x7f200b30b950","@!P1  IMAD.IADD R3, R3, 0x1, -R42","0","0","0","0"
"","","0x7f200b30b960","      IMAD.MOV.U32 R41, RZ, RZ, R3","0","0","0","0"
"","","0x7f200b30b970","@!P2  IMAD.MOV R41, RZ, RZ, -R41","0","0","0","0"
"","","0x7f200b30b980","@!P0  LOP3.LUT R41, RZ, R27, RZ, 0x33, !PT","0","0","0","0"
"449","CoordDType dis_x = buf[child_nbr_idx_with_offset*3 + 0] - center_x;","-","-","0","0","0","0"
"","","0x7f200b30b990","      IMAD R2, R41, 0xc, RZ","0","0","0","0"
"","","...","...","-","-","-","-"
"","","0x7f200b30b9b0","      LDS R3, [R2]","0","0","0","0"
"","","...","...","-","-","-","-"
"","","0x7f200b30b9e0","      FADD R3, -R24, R3","0","0","0","0"
"450","CoordDType dis_y = buf[child_nbr_idx_with_offset*3 + 1] - center_y;","-","-","0","0","0","0"
"","","0x7f200b30b9a0","      LDS R40, [R2+0x4]","0","0","0","0"
"","","...","...","-","-","-","-"
"","","0x7f200b30b9d0","      FADD R40, -R23, R40","0","0","0","0"
"451","CoordDType dis_z = buf[child_nbr_idx_with_offset*3 + 2] - center_z;","-","-","0","0","0","0"
"","","0x7f200b30b9c0","      LDS R35, [R2+0x8]","0","0","0","0"
"","","...","...","-","-","-","-"
"","","0x7f200b30ba00","      FADD R35, -R22, R35","0","0","0","0"
"452","CoordDType dis = dis_x*dis_x + dis_y*dis_y + dis_z*dis_z;","-","-","0","0","0","0"
"","","0x7f200b30b9f0","      FMUL R40, R40, R40","0","0","0","0"
"","","...","...","-","-","-","-"
"","","0x7f200b30ba10","      FFMA R40, R3, R3, R40","0","0","0","0"
"","","0x7f200b30ba20","      FFMA R43, R35, R35, R40","0","0","0","0"
"","","0x7f200b30ba30","      IMAD.MOV.U32 R35, RZ, RZ, 0x1","0","0","0","0"
"454","if(dis < max_dis && dis < cut_radiu2){","-","-","0","0","0","0"
"","","0x7f200b30ba40","      FSETP.GEU.AND P0, PT, R43, c[0x0][0x1a4], PT","0","0","0","0"
"","","0x7f200b30ba50","      FSETP.GEU.OR P0, PT, R43, R44, P0","0","0","0","0"
"455","best_dis[batch_idx + batch] = dis;","-","-","0","0","0","0"
"","","0x7f200b30ba70","@!P0  IMAD.MOV.U32 R33, RZ, RZ, R43","0","0","0","0"
"456","best_idx[batch_idx + batch] =","-","-","0","0","0","0"
"","","0x7f200b30d020","      IMAD.MOV.U32 R30, RZ, RZ, R32","0","0","0","0"
"","","0x7f200b30d030","      IMAD.MOV.U32 R4, RZ, RZ, R37","0","0","0","0"
"","","0x7f200b30d040","      BSYNC B2","0","0","0","0"
"457","buf_index[child_nbr_idx_with_offset];","-","-","0","0","0","0"
"","","0x7f200b30ba60","@!P0  IADD3 R3, R41, c[0x0][0x198], RZ","0","0","0","0"
"","","...","...","-","-","-","-"
"","","0x7f200b30ba80","@!P0  PRMT R35, RZ, 0x7610, R35","0","0","0","0"
"","","0x7f200b30ba90","@!P0  IMAD.MOV.U32 R38, RZ, RZ, R43","0","0","0","0"
"","","0x7f200b30baa0","@!P0  LDS R37, [R3.X4]","0","0","0","0"
"465","offset += blockDim.x;","-","-","0","0","0","0"
"","","0x7f200b30b830","      IADD3 R34, R34, c[0x0][0x0], RZ","0","0","0","0"
"","","...","...","-","-","-","-"
"","","0x7f200b30bab0","      BSYNC B3","0","0","0","0"
"468","__syncwarp();","-","-","0","0","0","0"
"","","0x7f200b30bac0","      BRA.CONV ~URZ, 0x7f200b30baf0","0","0","0","0"
"","","0x7f200b30bad0","      MOV R2, 0xef0","0","0","0","0"
"","","0x7f200b30bae0","      CALL.REL.NOINC 0x7f200b30f0a0","0","0","0","0"
"","","0x7f200b30baf0","      NOP","0","0","0","0"
"469","S_points_num_traversed += batch*blockDim.x;","-","-","0","0","0","0"
"","","0x7f200b30b6b0","      IADD3 R36, R36, c[0x0][0x0], RZ","0","0","0","0"
"476","bool skip_other = WARP_SHFL(skip, srcLaneB);","-","-","0","0","0","0"
"","","0x7f200b30bb00","      LOP3.LUT R43, R35, 0xffff, RZ, 0xc0, !PT","0","0","0","0"
"477","skip = skip_other&skip;","-","-","0","0","0","0"
"","","0x7f200b30bb50","      LOP3.LUT R35, R35, R2, RZ, 0xc0, !PT","0","0","0","0"
"","","0x7f200b30bb60","      PRMT R3, R35, 0x9910, RZ","0","0","0","0"
"","","...","...","-","-","-","-"
"","","0x7f200b30bb90","      IMAD.MOV.U32 R2, RZ, RZ, R3","0","0","0","0"
"","","0x7f200b30bba0","      ISETP.NE.AND P0, PT, R2, RZ, P0","0","0","0","0"
"","","...","...","-","-","-","-"
"","","0x7f200b30d460","      LOP3.LUT R43, R35, R2, RZ, 0xc0, !PT","0","0","0","0"
"","","...","...","-","-","-","-"
"","","0x7f200b30d480","      PRMT R35, R43, 0x9910, RZ","0","0","0","0"
"479","skip = WARP_SHFL(skip, 0);","-","-","0","0","0","0"
"","","0x7f200b30bc40","      SEL R35, RZ, 0x1, !P0","0","0","0","0"
"480","if(skip){","-","-","0","0","0","0"
"","","0x7f200b30bc80","@P0   BRA 0x7f200b30cfd0","0","0","0","0"
"","","0x7f200b30bc90","      LOP3.LUT P0, RZ, R0, 0x20, RZ, 0xc0, !PT","0","0","0","0"
"","","0x7f200b30bca0","      LOP3.LUT R41, R0, 0x10, RZ, 0x3c, !PT","0","0","0","0"
"","","0x7f200b30bcb0","      LOP3.LUT R47, R0, 0x10, RZ, 0xc0, !PT","0","0","0","0"
"","","0x7f200b30bcc0","      LOP3.LUT R40, R0, 0x8, RZ, 0x3c, !PT","0","0","0","0"
"","","0x7f200b30bcd0","      LOP3.LUT R48, R0, 0x8, RZ, 0xc0, !PT","0","0","0","0"
"","","0x7f200b30bce0","      LOP3.LUT R42, R0, 0x4, RZ, 0x3c, !PT","0","0","0","0"
"","","0x7f200b30bcf0","      LOP3.LUT R49, R0, 0x4, RZ, 0xc0, !PT","0","0","0","0"
"","","0x7f200b30bd00","      LOP3.LUT R35, R0, 0x2, RZ, 0x3c, !PT","0","0","0","0"
"","","0x7f200b30bd10","      LOP3.LUT R50, R0, 0x1, RZ, 0xc0, !PT","0","0","0","0"
"","","0x7f200b30bd20","      LOP3.LUT R51, R0, 0x2, RZ, 0xc0, !PT","0","0","0","0"
"","","0x7f200b30bd30","      LOP3.LUT R39, R0, 0x1, RZ, 0x3c, !PT","0","0","0","0"
"485","Bitonic_Sort<CoordDType, ArrayLengthPerThread, depth_K>(best_dis, best_idx);","-","-","0","0","0","0"
"","","0x7f200b30bd40","      BRA.DIV ~URZ, 0x7f200b30d650","0","0","0","0"
"","","0x7f200b30bd50","      SHFL.IDX PT, R33, R38, R39, 0x1f","0","0","0","0"
"488","if(child_idx_finished+threadIdx.y < child_idx_end){","-","-","0","0","0","0"
"","","0x7f200b30d0a0","@P0   BRA 0x7f200b30d250","0","0","0","0"
"","","0x7f200b30d0b0","      IMAD.MOV.U32 R24, RZ, RZ, R0","0","0","0","0"
"489","for(int nbr_idx = threadIdx.x;nbr_idx<K;nbr_idx += blockDim.x){","-","-","0","0","0","0"
"","","0x7f200b30d0f0","      IADD3 R24, R24, c[0x0][0x0], RZ","0","0","0","0"
"","","0x7f200b30d100","      IMAD.SHL.U32 R2, R2, 0x4, RZ","0","0","0","0"
"","","...","...","-","-","-","-"
"","","0x7f200b30d190","      ISETP.GE.AND P0, PT, R24, c[0x0][0x190], PT","0","0","0","0"
"","","...","...","-","-","-","-"
"","","0x7f200b30d240","@!P0  BRA 0x7f200b30d0d0","0","0","0","0"
"","","0x7f200b30d250","      BSYNC B1","0","0","0","0"
"493","Indices_out[K*child_idx_origin+nbr_idx] = best_idx[nbr_idx >> depth_K];","-","-","0","0","0","0"
"","","0x7f200b30d0c0","      IMAD.MOV.U32 R31, RZ, RZ, 0x4","0","0","0","0"
"","","0x7f200b30d0d0","      SHF.R.S32.HI R2, RZ, 0x5, R24","0","0","0","0"
"","","0x7f200b30d0e0","      IMAD R22, R25, c[0x0][0x190], R24","0","0","0","0"
"","","...","...","-","-","-","-"
"","","0x7f200b30d110","      ISETP.EQ.AND P0, PT, R2, -0x8, PT","0","0","0","0"
"","","0x7f200b30d120","      ISETP.EQ.AND P2, PT, R2, RZ, PT","0","0","0","0"
"","","0x7f200b30d130","      ISETP.EQ.AND P1, PT, R2, -0x4, PT","0","0","0","0"
"","","0x7f200b30d140","      ISETP.EQ.AND P3, PT, R2, 0x4, PT","0","0","0","0"
"","","...","...","-","-","-","-"
"","","0x7f200b30d170","      IMAD.WIDE R2, R22, R31, c[0x0][0x160]","0","0","0","0"
"","","0x7f200b30d180","@P0   IMAD.MOV.U32 R5, RZ, RZ, R39","0","0","0","0"
"","","...","...","-","-","-","-"
"","","0x7f200b30d1b0","@P1   IMAD.MOV.U32 R5, RZ, RZ, R33","0","0","0","0"
"","","...","...","-","-","-","-"
"","","0x7f200b30d1d0","@P2   IMAD.MOV.U32 R5, RZ, RZ, R30","0","0","0","0"
"","","...","...","-","-","-","-"
"","","0x7f200b30d1f0","@P3   IMAD.MOV.U32 R5, RZ, RZ, R4","0","0","0","0"
"","","...","...","-","-","-","-"
"","","0x7f200b30d210","      STG.E [R2.64], R5","0","0","0","0"
"494","Dis_out[K*child_idx_origin+nbr_idx] = best_dis[nbr_idx >> depth_K];","-","-","0","0","0","0"
"","","0x7f200b30d150","      ISETP.EQ.AND P4, PT, R2, 0x8, PT","0","0","0","0"
"","","0x7f200b30d160","      ISETP.EQ.AND P5, PT, R2, 0xc, PT","0","0","0","0"
"","","...","...","-","-","-","-"
"","","0x7f200b30d1a0","@P2   IMAD.MOV.U32 R21, RZ, RZ, R39","0","0","0","0"
"","","...","...","-","-","-","-"
"","","0x7f200b30d1c0","@P3   IMAD.MOV.U32 R21, RZ, RZ, R33","0","0","0","0"
"","","...","...","-","-","-","-"
"","","0x7f200b30d1e0","@P4   IMAD.MOV.U32 R21, RZ, RZ, R30","0","0","0","0"
"","","...","...","-","-","-","-"
"","","0x7f200b30d200","      IMAD.WIDE R22, R22, R31, c[0x0][0x168]","0","0","0","0"
"","","...","...","-","-","-","-"
"","","0x7f200b30d220","@P5   IMAD.MOV.U32 R21, RZ, RZ, R4","0","0","0","0"
"","","0x7f200b30d230","      STG.E [R22.64], R21","0","0","0","0"
"500","}","-","-","0","0","0","0"
"","","0x7f200b30d380","      EXIT","0","0","0","0"
"File Path","/usr/local/cuda-12.8/include/crt/math_functions.hpp"
"Function Name","void FlashKNN_Query_dynamic_load_kernel<float, (int)2, (int)5, (bool)0, (bool)1>(int *, T1 *, const T1 *, const int *, const int *, const int *, int, int, int, int, int, T1)"
"Line No","Source","Address","Source","launch__block_size","launch__grid_size","launch__registers_per_thread","launch__shared_mem_per_block"
"880","return umin(a, static_cast<unsigned int>(b));","-","-","0","0","0","0"
"","","0x7f200b30b360","      IMNMX.U32 R25, R25, R2, PT","0","0","0","0"
"File Path","/usr/local/cuda-12.8/include/sm_30_intrinsics.hpp"
"Function Name","void FlashKNN_Query_dynamic_load_kernel<float, (int)2, (int)5, (bool)0, (bool)1>(int *, T1 *, const T1 *, const int *, const int *, const int *, int, int, int, int, int, T1)"
"Line No","Source","Address","Source","launch__block_size","launch__grid_size","launch__registers_per_thread","launch__shared_mem_per_block"
"110","return __nvvm_bar_warp_sync(mask);","-","-","0","0","0","0"
"","","0x7f200b30bac0","      BRA.CONV ~URZ, 0x7f200b30baf0","0","0","0","0"
"","","0x7f200b30bad0","      MOV R2, 0xef0","0","0","0","0"
"","","0x7f200b30bae0","      CALL.REL.NOINC 0x7f200b30f0a0","0","0","0","0"
"","","0x7f200b30baf0","      NOP","0","0","0","0"
"373","ret = __nvvm_shfl_idx_sync(mask, var, srcLane, c);","-","-","0","0","0","0"
"","","0x7f200b30bb10","      BRA.DIV ~URZ, 0x7f200b30d3e0","0","0","0","0"
"","","0x7f200b30bb20","      SHFL.IDX PT, R2, R43, R9, 0x1f","0","0","0","0"
"","","...","...","-","-","-","-"
"","","0x7f200b30bb70","      SHFL.IDX PT, R2, R35, R10, 0x1f","0","0","0","0"
"","","...","...","-","-","-","-"
"","","0x7f200b30bbc0","      SHFL.IDX PT, R2, R2, R11, 0x1f","0","0","0","0"
"","","0x7f200b30bbd0","      ISETP.NE.AND P0, PT, R2, RZ, P0","0","0","0","0"
"","","...","...","-","-","-","-"
"","","0x7f200b30bbf0","      SHFL.IDX PT, R3, R3, R12, 0x1f","0","0","0","0"
"","","0x7f200b30bc00","      ISETP.NE.AND P0, PT, R3, RZ, P0","0","0","0","0"
"","","...","...","-","-","-","-"
"","","0x7f200b30bc20","      SHFL.IDX PT, R40, R40, R13, 0x1f","0","0","0","0"
"","","0x7f200b30bc30","      ISETP.NE.AND P0, PT, R40, RZ, P0","0","0","0","0"
"","","...","...","-","-","-","-"
"","","0x7f200b30bc50","      SHFL.IDX PT, R35, R35, RZ, 0x1f","0","0","0","0"
"","","0x7f200b30bc60","      ISETP.NE.AND P0, PT, R35, RZ, PT","0","0","0","0"
"","","0x7f200b30bc70","      BSSY B3, 0x7f200b30cfe0","0","0","0","0"
"","","...","...","-","-","-","-"
"","","0x7f200b30bd60","      BRA.DIV ~URZ, 0x7f200b30d6c0","0","0","0","0"
"","","0x7f200b30bd70","      ISETP.NE.AND P2, PT, R51, RZ, PT","0","0","0","0"
"","","...","...","-","-","-","-"
"","","0x7f200b30bdf0","      ISETP.NE.AND P4, PT, R49, RZ, PT","0","0","0","0"
"","","...","...","-","-","-","-"
"","","0x7f200b30bf60","      ISETP.NE.AND P3, PT, R48, RZ, PT","0","0","0","0"
"","","...","...","-","-","-","-"
"","","0x7f200b30c180","      ISETP.NE.AND P5, PT, R47, RZ, PT","0","0","0","0"
"","","...","...","-","-","-","-"
"","","0x7f200b30ca10","      SHFL.IDX PT, R44, R37, R39, 0x1f","0","0","0","0"
"","","...","...","-","-","-","-"
"","","0x7f200b30ca60","      SHFL.IDX PT, R33, R44, R35, 0x1f","0","0","0","0"
"","","...","...","-","-","-","-"
"","","0x7f200b30caf0","      SHFL.IDX PT, R33, R46, R39, 0x1f","0","0","0","0"
"","","...","...","-","-","-","-"
"","","0x7f200b30cb20","      SHFL.IDX PT, R58, R33, R42, 0x1f","0","0","0","0"
"","","...","...","-","-","-","-"
"","","0x7f200b30cb50","      SHFL.IDX PT, R43, R58, R35, 0x1f","0","0","0","0"
"","","...","...","-","-","-","-"
"","","0x7f200b30cb80","      SHFL.IDX PT, R43, R56, R39, 0x1f","0","0","0","0"
"","","...","...","-","-","-","-"
"","","0x7f200b30cbb0","      SHFL.IDX PT, R54, R43, R40, 0x1f","0","0","0","0"
"","","...","...","-","-","-","-"
"","","0x7f200b30cbe0","      SHFL.IDX PT, R44, R37, R42, 0x1f","0","0","0","0"
"","","...","...","-","-","-","-"
"","","0x7f200b30cc10","      SHFL.IDX PT, R53, R44, R35, 0x1f","0","0","0","0"
"","","...","...","-","-","-","-"
"","","0x7f200b30cc40","      SHFL.IDX PT, R33, R46, R39, 0x1f","0","0","0","0"
"","","...","...","-","-","-","-"
"","","0x7f200b30cc70","      SHFL.IDX PT, R33, R52, R41, 0x1f","0","0","0","0"
"","","...","...","-","-","-","-"
"","","0x7f200b30cca0","      SHFL.IDX PT, R50, R33, R40, 0x1f","0","0","0","0"
"","","...","...","-","-","-","-"
"","","0x7f200b30ccc0","      SHFL.IDX PT, R50, R43, R42, 0x1f","0","0","0","0"
"","","...","...","-","-","-","-"
"","","0x7f200b30ccf0","      SHFL.IDX PT, R37, R50, R35, 0x1f","0","0","0","0"
"","","...","...","-","-","-","-"
"","","0x7f200b30cd40","      SHFL.IDX PT, R37, R44, R39, 0x1f","0","0","0","0"
"","","...","...","-","-","-","-"
"","","0x7f200b30cd90","      SHFL.IDX PT, R41, R46, R41, 0x1f","0","0","0","0"
"","","...","...","-","-","-","-"
"","","0x7f200b30cdc0","      SHFL.IDX PT, R40, R3, R40, 0x1f","0","0","0","0"
"","","...","...","-","-","-","-"
"","","0x7f200b30ce30","      SHFL.IDX PT, R44, R33, R42, 0x1f","0","0","0","0"
"","","...","...","-","-","-","-"
"","","0x7f200b30ce80","      SHFL.IDX PT, R3, R44, R35, 0x1f","0","0","0","0"
"","","...","...","-","-","-","-"
"","","0x7f200b30cf30","      SHFL.IDX PT, R3, R42, R39, 0x1f","0","0","0","0"
"","","...","...","-","-","-","-"
"","","0x7f200b30d3e0","      IMAD.MOV.U32 R46, RZ, RZ, R9","0","0","0","0"
"","","0x7f200b30d3f0","      MOV R2, 0x2820","0","0","0","0"
"","","0x7f200b30d400","      IMAD.MOV.U32 R44, RZ, RZ, 0x1f","0","0","0","0"
"","","0x7f200b30d410","      CALL.REL.NOINC 0x7f200b30f060","0","0","0","0"
"","","...","...","-","-","-","-"
"","","0x7f200b30d430","      IMAD.MOV.U32 R46, RZ, RZ, R10","0","0","0","0"
"","","0x7f200b30d440","      IMAD.MOV.U32 R44, RZ, RZ, 0x1f","0","0","0","0"
"","","...","...","-","-","-","-"
"","","0x7f200b30d470","      MOV R2, 0x28a0","0","0","0","0"
"","","...","...","-","-","-","-"
"","","0x7f200b30d490","      CALL.REL.NOINC 0x7f200b30f060","0","0","0","0"
"","","...","...","-","-","-","-"
"","","0x7f200b30d4b0","      IMAD.MOV.U32 R46, RZ, RZ, R11","0","0","0","0"
"","","0x7f200b30d4c0","      MOV R2, 0x2910","0","0","0","0"
"","","0x7f200b30d4d0","      IMAD.MOV.U32 R44, RZ, RZ, 0x1f","0","0","0","0"
"","","0x7f200b30d4e0","      ISETP.NE.AND P0, PT, R35, RZ, P0","0","0","0","0"
"","","...","...","-","-","-","-"
"","","0x7f200b30d500","      CALL.REL.NOINC 0x7f200b30f060","0","0","0","0"
"","","0x7f200b30d510","      ISETP.NE.AND P0, PT, R44, RZ, P0","0","0","0","0"
"","","0x7f200b30d520","      IMAD.MOV.U32 R46, RZ, RZ, R12","0","0","0","0"
"","","0x7f200b30d530","      MOV R2, 0x2970","0","0","0","0"
"","","0x7f200b30d540","      IMAD.MOV.U32 R44, RZ, RZ, 0x1f","0","0","0","0"
"","","...","...","-","-","-","-"
"","","0x7f200b30d560","      CALL.REL.NOINC 0x7f200b30f060","0","0","0","0"
"","","0x7f200b30d570","      ISETP.NE.AND P0, PT, R44, RZ, P0","0","0","0","0"
"","","0x7f200b30d580","      IMAD.MOV.U32 R46, RZ, RZ, R13","0","0","0","0"
"","","0x7f200b30d590","      MOV R2, 0x29d0","0","0","0","0"
"","","0x7f200b30d5a0","      IMAD.MOV.U32 R44, RZ, RZ, 0x1f","0","0","0","0"
"","","...","...","-","-","-","-"
"","","0x7f200b30d5c0","      CALL.REL.NOINC 0x7f200b30f060","0","0","0","0"
"","","0x7f200b30d5d0","      ISETP.NE.AND P0, PT, R44, RZ, P0","0","0","0","0"
"","","0x7f200b30d5e0","      IMAD.MOV.U32 R46, RZ, RZ, RZ","0","0","0","0"
"","","0x7f200b30d5f0","      MOV R2, 0x2a30","0","0","0","0"
"","","0x7f200b30d600","      IMAD.MOV.U32 R44, RZ, RZ, 0x1f","0","0","0","0"
"","","...","...","-","-","-","-"
"","","0x7f200b30d620","      CALL.REL.NOINC 0x7f200b30f060","0","0","0","0"
"","","0x7f200b30d630","      ISETP.NE.AND P0, PT, R44, RZ, PT","0","0","0","0"
"","","0x7f200b30d640","      BRA 0x7f200b30bc70","0","0","0","0"
"","","...","...","-","-","-","-"
"","","0x7f200b30d6c0","      IMAD.MOV.U32 R43, RZ, RZ, R37","0","0","0","0"
"","","0x7f200b30d6d0","      MOV R2, 0x2b10","0","0","0","0"
"","","0x7f200b30d6e0","      IMAD.MOV.U32 R46, RZ, RZ, R39","0","0","0","0"
"","","0x7f200b30d6f0","      IMAD.MOV.U32 R44, RZ, RZ, 0x1f","0","0","0","0"
"","","0x7f200b30d700","      CALL.REL.NOINC 0x7f200b30f060","0","0","0","0"
"","","0x7f200b30d710","      ISETP.NE.AND P2, PT, R51, RZ, PT","0","0","0","0"
"","","...","...","-","-","-","-"
"","","0x7f200b30d840","      MOV R2, 0x2c90","0","0","0","0"
"","","0x7f200b30d850","      IMAD.MOV.U32 R43, RZ, RZ, R37","0","0","0","0"
"","","0x7f200b30d860","      IMAD.MOV.U32 R46, RZ, RZ, R35","0","0","0","0"
"","","0x7f200b30d870","      IMAD.MOV.U32 R44, RZ, RZ, 0x1f","0","0","0","0"
"","","0x7f200b30d880","      CALL.REL.NOINC 0x7f200b30f060","0","0","0","0"
"","","0x7f200b30d890","      ISETP.NE.AND P3, PT, R49, RZ, PT","0","0","0","0"
"","","...","...","-","-","-","-"
"","","0x7f200b30d9a0","      MOV R2, 0x2df0","0","0","0","0"
"","","0x7f200b30d9b0","      IMAD.MOV.U32 R43, RZ, RZ, R37","0","0","0","0"
"","","0x7f200b30d9c0","      IMAD.MOV.U32 R46, RZ, RZ, R39","0","0","0","0"
"","","0x7f200b30d9d0","      IMAD.MOV.U32 R44, RZ, RZ, 0x1f","0","0","0","0"
"","","0x7f200b30d9e0","      CALL.REL.NOINC 0x7f200b30f060","0","0","0","0"
"","","...","...","-","-","-","-"
"","","0x7f200b30daf0","      MOV R2, 0x2f40","0","0","0","0"
"","","0x7f200b30db00","      IMAD.MOV.U32 R43, RZ, RZ, R49","0","0","0","0"
"","","0x7f200b30db10","      IMAD.MOV.U32 R46, RZ, RZ, R42","0","0","0","0"
"","","0x7f200b30db20","      IMAD.MOV.U32 R44, RZ, RZ, 0x1f","0","0","0","0"
"","","0x7f200b30db30","      CALL.REL.NOINC 0x7f200b30f060","0","0","0","0"
"","","0x7f200b30db40","      ISETP.NE.AND P4, PT, R48, RZ, PT","0","0","0","0"
"","","...","...","-","-","-","-"
"","","0x7f200b30dc50","      MOV R2, 0x30a0","0","0","0","0"
"","","0x7f200b30dc60","      IMAD.MOV.U32 R43, RZ, RZ, R49","0","0","0","0"
"","","0x7f200b30dc70","      IMAD.MOV.U32 R46, RZ, RZ, R35","0","0","0","0"
"","","0x7f200b30dc80","      IMAD.MOV.U32 R44, RZ, RZ, 0x1f","0","0","0","0"
"","","0x7f200b30dc90","      CALL.REL.NOINC 0x7f200b30f060","0","0","0","0"
"","","...","...","-","-","-","-"
"","","0x7f200b30dda0","      MOV R2, 0x31f0","0","0","0","0"
"","","0x7f200b30ddb0","      IMAD.MOV.U32 R43, RZ, RZ, R49","0","0","0","0"
"","","0x7f200b30ddc0","      IMAD.MOV.U32 R46, RZ, RZ, R39","0","0","0","0"
"","","0x7f200b30ddd0","      IMAD.MOV.U32 R44, RZ, RZ, 0x1f","0","0","0","0"
"","","0x7f200b30dde0","      CALL.REL.NOINC 0x7f200b30f060","0","0","0","0"
"","","...","...","-","-","-","-"
"","","0x7f200b30def0","      MOV R2, 0x3340","0","0","0","0"
"","","0x7f200b30df00","      IMAD.MOV.U32 R43, RZ, RZ, R49","0","0","0","0"
"","","0x7f200b30df10","      IMAD.MOV.U32 R46, RZ, RZ, R40","0","0","0","0"
"","","0x7f200b30df20","      IMAD.MOV.U32 R44, RZ, RZ, 0x1f","0","0","0","0"
"","","0x7f200b30df30","      CALL.REL.NOINC 0x7f200b30f060","0","0","0","0"
"","","0x7f200b30df40","      ISETP.NE.AND P5, PT, R47, RZ, PT","0","0","0","0"
"","","...","...","-","-","-","-"
"","","0x7f200b30e050","      MOV R2, 0x34a0","0","0","0","0"
"","","0x7f200b30e060","      IMAD.MOV.U32 R43, RZ, RZ, R49","0","0","0","0"
"","","0x7f200b30e070","      IMAD.MOV.U32 R46, RZ, RZ, R42","0","0","0","0"
"","","0x7f200b30e080","      IMAD.MOV.U32 R44, RZ, RZ, 0x1f","0","0","0","0"
"","","0x7f200b30e090","      CALL.REL.NOINC 0x7f200b30f060","0","0","0","0"
"","","...","...","-","-","-","-"
"","","0x7f200b30e1a0","      MOV R2, 0x35f0","0","0","0","0"
"","","0x7f200b30e1b0","      IMAD.MOV.U32 R43, RZ, RZ, R49","0","0","0","0"
"","","0x7f200b30e1c0","      IMAD.MOV.U32 R46, RZ, RZ, R35","0","0","0","0"
"","","0x7f200b30e1d0","      IMAD.MOV.U32 R44, RZ, RZ, 0x1f","0","0","0","0"
"","","0x7f200b30e1e0","      CALL.REL.NOINC 0x7f200b30f060","0","0","0","0"
"","","...","...","-","-","-","-"
"","","0x7f200b30e2f0","      MOV R2, 0x3740","0","0","0","0"
"","","0x7f200b30e300","      IMAD.MOV.U32 R43, RZ, RZ, R49","0","0","0","0"
"","","0x7f200b30e310","      IMAD.MOV.U32 R46, RZ, RZ, R39","0","0","0","0"
"","","0x7f200b30e320","      IMAD.MOV.U32 R44, RZ, RZ, 0x1f","0","0","0","0"
"","","0x7f200b30e330","      CALL.REL.NOINC 0x7f200b30f060","0","0","0","0"
"","","...","...","-","-","-","-"
"","","0x7f200b30e440","      MOV R2, 0x3890","0","0","0","0"
"","","0x7f200b30e450","      IMAD.MOV.U32 R43, RZ, RZ, R49","0","0","0","0"
"","","0x7f200b30e460","      IMAD.MOV.U32 R46, RZ, RZ, R41","0","0","0","0"
"","","0x7f200b30e470","      IMAD.MOV.U32 R44, RZ, RZ, 0x1f","0","0","0","0"
"","","0x7f200b30e480","      CALL.REL.NOINC 0x7f200b30f060","0","0","0","0"
"","","...","...","-","-","-","-"
"","","0x7f200b30e590","      MOV R2, 0x39e0","0","0","0","0"
"","","0x7f200b30e5a0","      IMAD.MOV.U32 R43, RZ, RZ, R49","0","0","0","0"
"","","0x7f200b30e5b0","      IMAD.MOV.U32 R46, RZ, RZ, R40","0","0","0","0"
"","","0x7f200b30e5c0","      IMAD.MOV.U32 R44, RZ, RZ, 0x1f","0","0","0","0"
"","","0x7f200b30e5d0","      CALL.REL.NOINC 0x7f200b30f060","0","0","0","0"
"","","...","...","-","-","-","-"
"","","0x7f200b30e6e0","      MOV R2, 0x3b30","0","0","0","0"
"","","0x7f200b30e6f0","      IMAD.MOV.U32 R43, RZ, RZ, R49","0","0","0","0"
"","","0x7f200b30e700","      IMAD.MOV.U32 R46, RZ, RZ, R42","0","0","0","0"
"","","0x7f200b30e710","      IMAD.MOV.U32 R44, RZ, RZ, 0x1f","0","0","0","0"
"","","0x7f200b30e720","      CALL.REL.NOINC 0x7f200b30f060","0","0","0","0"
"","","...","...","-","-","-","-"
"","","0x7f200b30e830","      MOV R2, 0x3c80","0","0","0","0"
"","","0x7f200b30e840","      IMAD.MOV.U32 R43, RZ, RZ, R49","0","0","0","0"
"","","0x7f200b30e850","      IMAD.MOV.U32 R46, RZ, RZ, R35","0","0","0","0"
"","","0x7f200b30e860","      IMAD.MOV.U32 R44, RZ, RZ, 0x1f","0","0","0","0"
"","","0x7f200b30e870","      CALL.REL.NOINC 0x7f200b30f060","0","0","0","0"
"","","...","...","-","-","-","-"
"","","0x7f200b30e980","      MOV R2, 0x3dd0","0","0","0","0"
"","","0x7f200b30e990","      IMAD.MOV.U32 R43, RZ, RZ, R49","0","0","0","0"
"","","0x7f200b30e9a0","      IMAD.MOV.U32 R46, RZ, RZ, R39","0","0","0","0"
"","","0x7f200b30e9b0","      IMAD.MOV.U32 R44, RZ, RZ, 0x1f","0","0","0","0"
"","","0x7f200b30e9c0","      CALL.REL.NOINC 0x7f200b30f060","0","0","0","0"
"","","...","...","-","-","-","-"
"","","0x7f200b30eb30","      MOV R2, 0x3f80","0","0","0","0"
"","","0x7f200b30eb40","      IMAD.MOV.U32 R46, RZ, RZ, R41","0","0","0","0"
"","","0x7f200b30eb50","      IMAD.MOV.U32 R43, RZ, RZ, R47","0","0","0","0"
"","","0x7f200b30eb60","      IMAD.MOV.U32 R44, RZ, RZ, 0x1f","0","0","0","0"
"","","0x7f200b30eb70","      CALL.REL.NOINC 0x7f200b30f060","0","0","0","0"
"","","...","...","-","-","-","-"
"","","0x7f200b30ec60","      MOV R2, 0x40b0","0","0","0","0"
"","","0x7f200b30ec70","      IMAD.MOV.U32 R46, RZ, RZ, R40","0","0","0","0"
"","","0x7f200b30ec80","      IMAD.MOV.U32 R43, RZ, RZ, R47","0","0","0","0"
"","","0x7f200b30ec90","      IMAD.MOV.U32 R44, RZ, RZ, 0x1f","0","0","0","0"
"","","0x7f200b30eca0","      CALL.REL.NOINC 0x7f200b30f060","0","0","0","0"
"","","...","...","-","-","-","-"
"","","0x7f200b30ed90","      MOV R2, 0x41e0","0","0","0","0"
"","","0x7f200b30eda0","      IMAD.MOV.U32 R46, RZ, RZ, R42","0","0","0","0"
"","","0x7f200b30edb0","      IMAD.MOV.U32 R43, RZ, RZ, R47","0","0","0","0"
"","","0x7f200b30edc0","      IMAD.MOV.U32 R44, RZ, RZ, 0x1f","0","0","0","0"
"","","0x7f200b30edd0","      CALL.REL.NOINC 0x7f200b30f060","0","0","0","0"
"","","...","...","-","-","-","-"
"","","0x7f200b30eec0","      MOV R2, 0x4310","0","0","0","0"
"","","0x7f200b30eed0","      IMAD.MOV.U32 R46, RZ, RZ, R35","0","0","0","0"
"","","0x7f200b30eee0","      IMAD.MOV.U32 R43, RZ, RZ, R47","0","0","0","0"
"","","0x7f200b30eef0","      IMAD.MOV.U32 R44, RZ, RZ, 0x1f","0","0","0","0"
"","","0x7f200b30ef00","      CALL.REL.NOINC 0x7f200b30f060","0","0","0","0"
"","","...","...","-","-","-","-"
"","","0x7f200b30efe0","      IMAD.MOV.U32 R41, RZ, RZ, R44","0","0","0","0"
"","","0x7f200b30eff0","      MOV R2, 0x4440","0","0","0","0"
"","","0x7f200b30f000","      IMAD.MOV.U32 R46, RZ, RZ, R39","0","0","0","0"
"","","0x7f200b30f010","      IMAD.MOV.U32 R43, RZ, RZ, R42","0","0","0","0"
"","","0x7f200b30f020","      IMAD.MOV.U32 R44, RZ, RZ, 0x1f","0","0","0","0"
"","","0x7f200b30f030","      CALL.REL.NOINC 0x7f200b30f060","0","0","0","0"
"","","0x7f200b30f040","      IMAD.MOV.U32 R3, RZ, RZ, R44","0","0","0","0"
"","","0x7f200b30f050","      BRA 0x7f200b30cf40","0","0","0","0"
"","","0x7f200b30f060","      IMAD.MOV.U32 R3, RZ, RZ, 0x0","0","0","0","0"
"","","0x7f200b30f070","      WARPSYNC R5","0","0","0","0"
"","","0x7f200b30f080","      SHFL.IDX PT, R44, R43, R46, R44","0","0","0","0"
"","","0x7f200b30f090","      RET.REL.NODEC R2, 0x7f200b30ac00","0","0","0","0"
"","","0x7f200b30f0a0","      IMAD.MOV.U32 R3, RZ, RZ, 0x0","0","0","0","0"
"","","0x7f200b30f0b0","      WARPSYNC 0xffffffff","0","0","0","0"
"","","0x7f200b30f0c0","      RET.REL.NODEC R2, 0x7f200b30ac00","0","0","0","0"
"","","0x7f200b30f0d0","      BRA 0x7f200b30f0d0","0","0","0","0"
"","","0x7f200b30f0e0","      NOP","0","0","0","0"
"","","0x7f200b30f0f0","      NOP","0","0","0","0"
"","","0x7f200b30f100","      NOP","0","0","0","0"
"","","0x7f200b30f110","      NOP","0","0","0","0"
"","","0x7f200b30f120","      NOP","0","0","0","0"
"","","0x7f200b30f130","      NOP","0","0","0","0"
"","","0x7f200b30f140","      NOP","0","0","0","0"
"","","0x7f200b30f150","      NOP","0","0","0","0"
"","","0x7f200b30f160","      NOP","0","0","0","0"
"","","0x7f200b30f170","      NOP","0","0","0","0"
"422","ret = __nvvm_shfl_idx_sync(mask, __float_as_int(var), srcLane, c);","-","-","0","0","0","0"
"","","0x7f200b30b6c0","      IMAD.MOV.U32 R5, RZ, RZ, -0x1","0","0","0","0"
"","","...","...","-","-","-","-"
"","","0x7f200b30b770","      BRA.DIV ~URZ, 0x7f200b30d390","0","0","0","0"
"","","0x7f200b30b780","      IMAD.U32 R44, RZ, RZ, UR6","0","0","0","0"
"","","0x7f200b30b790","      IMAD.U32 R2, RZ, RZ, UR4","0","0","0","0"
"","","0x7f200b30b7a0","      SHFL.IDX PT, R44, R43, R44, R2","0","0","0","0"
"","","...","...","-","-","-","-"
"","","0x7f200b30bd40","      BRA.DIV ~URZ, 0x7f200b30d650","0","0","0","0"
"","","0x7f200b30bd50","      SHFL.IDX PT, R33, R38, R39, 0x1f","0","0","0","0"
"","","...","...","-","-","-","-"
"","","0x7f200b30be40","      SHFL.IDX PT, R2, R33, R35, 0x1f","0","0","0","0"
"","","...","...","-","-","-","-"
"","","0x7f200b30bef0","      SHFL.IDX PT, R3, R2, R39, 0x1f","0","0","0","0"
"","","...","...","-","-","-","-"
"","","0x7f200b30bfb0","      SHFL.IDX PT, R38, R3, R42, 0x1f","0","0","0","0"
"","","...","...","-","-","-","-"
"","","0x7f200b30c060","      SHFL.IDX PT, R3, R38, R35, 0x1f","0","0","0","0"
"","","...","...","-","-","-","-"
"","","0x7f200b30c110","      SHFL.IDX PT, R3, R2, R39, 0x1f","0","0","0","0"
"","","...","...","-","-","-","-"
"","","0x7f200b30c1d0","      SHFL.IDX PT, R38, R3, R40, 0x1f","0","0","0","0"
"","","...","...","-","-","-","-"
"","","0x7f200b30c280","      SHFL.IDX PT, R2, R47, R42, 0x1f","0","0","0","0"
"","","...","...","-","-","-","-"
"","","0x7f200b30c330","      SHFL.IDX PT, R3, R2, R35, 0x1f","0","0","0","0"
"","","...","...","-","-","-","-"
"","","0x7f200b30c3e0","      SHFL.IDX PT, R3, R38, R39, 0x1f","0","0","0","0"
"","","...","...","-","-","-","-"
"","","0x7f200b30c490","      SHFL.IDX PT, R3, R2, R41, 0x1f","0","0","0","0"
"","","...","...","-","-","-","-"
"","","0x7f200b30c540","      SHFL.IDX PT, R38, R3, R40, 0x1f","0","0","0","0"
"","","...","...","-","-","-","-"
"","","0x7f200b30c600","      SHFL.IDX PT, R2, R49, R42, 0x1f","0","0","0","0"
"","","...","...","-","-","-","-"
"","","0x7f200b30c6c0","      SHFL.IDX PT, R3, R2, R35, 0x1f","0","0","0","0"
"","","...","...","-","-","-","-"
"","","0x7f200b30c780","      SHFL.IDX PT, R3, R38, R39, 0x1f","0","0","0","0"
"","","0x7f200b30c790","      P2R R50, PR, RZ, 0x4","0","0","0","0"
"","","0x7f200b30c7a0","      ISETP.NE.AND P2, PT, R51, RZ, PT","0","0","0","0"
"","","0x7f200b30c7b0","      P2R R51, PR, RZ, 0x4","0","0","0","0"
"","","0x7f200b30c7c0","      ISETP.NE.AND P2, PT, R52, RZ, PT","0","0","0","0"
"","","0x7f200b30c7d0","      P2R R52, PR, RZ, 0x4","0","0","0","0"
"","","0x7f200b30c7e0","      ISETP.NE.AND P2, PT, R53, RZ, PT","0","0","0","0"
"","","0x7f200b30c7f0","      P2R R53, PR, RZ, 0x4","0","0","0","0"
"","","0x7f200b30c800","      ISETP.NE.AND P2, PT, R54, RZ, PT","0","0","0","0"
"","","...","...","-","-","-","-"
"","","0x7f200b30c930","      PLOP3.LUT P1, PT, P1, PT, PT, 0x8, 0x0","0","0","0","0"
"","","...","...","-","-","-","-"
"","","0x7f200b30c990","      SHFL.IDX PT, R3, R44, R41, 0x1f","0","0","0","0"
"","","...","...","-","-","-","-"
"","","0x7f200b30ca20","      SHFL.IDX PT, R5, R38, R40, 0x1f","0","0","0","0"
"","","...","...","-","-","-","-"
"","","0x7f200b30cd10","      SHFL.IDX PT, R38, R5, R42, 0x1f","0","0","0","0"
"","","...","...","-","-","-","-"
"","","0x7f200b30ce50","      SHFL.IDX PT, R5, R38, R35, 0x1f","0","0","0","0"
"","","...","...","-","-","-","-"
"","","0x7f200b30cf00","      IMAD.MOV.U32 R38, RZ, RZ, R33","0","0","0","0"
"","","...","...","-","-","-","-"
"","","0x7f200b30cf20","      SHFL.IDX PT, R41, R40, R39, 0x1f","0","0","0","0"
"","","...","...","-","-","-","-"
"","","0x7f200b30d390","      IMAD.U32 R46, RZ, RZ, UR6","0","0","0","0"
"","","0x7f200b30d3a0","      MOV R2, 0x27d0","0","0","0","0"
"","","0x7f200b30d3b0","      IMAD.U32 R44, RZ, RZ, UR4","0","0","0","0"
"","","0x7f200b30d3c0","      CALL.REL.NOINC 0x7f200b30f060","0","0","0","0"
"","","0x7f200b30d3d0","      BRA 0x7f200b30b7b0","0","0","0","0"
"","","...","...","-","-","-","-"
"","","0x7f200b30d650","      IMAD.MOV.U32 R43, RZ, RZ, R38","0","0","0","0"
"","","0x7f200b30d660","      MOV R2, 0x2aa0","0","0","0","0"
"","","0x7f200b30d670","      IMAD.MOV.U32 R46, RZ, RZ, R39","0","0","0","0"
"","","0x7f200b30d680","      IMAD.MOV.U32 R44, RZ, RZ, 0x1f","0","0","0","0"
"","","0x7f200b30d690","      CALL.REL.NOINC 0x7f200b30f060","0","0","0","0"
"","","0x7f200b30d6a0","      IMAD.MOV.U32 R33, RZ, RZ, R44","0","0","0","0"
"","","0x7f200b30d6b0","      BRA 0x7f200b30bd60","0","0","0","0"
"","","...","...","-","-","-","-"
"","","0x7f200b30d720","      IMAD.MOV.U32 R46, RZ, RZ, R35","0","0","0","0"
"","","...","...","-","-","-","-"
"","","0x7f200b30d7a0","      PLOP3.LUT P1, PT, P1, PT, PT, 0x8, 0x0","0","0","0","0"
"","","...","...","-","-","-","-"
"","","0x7f200b30d7d0","      MOV R2, 0x2c30","0","0","0","0"
"","","...","...","-","-","-","-"
"","","0x7f200b30d800","      IMAD.MOV.U32 R44, RZ, RZ, 0x1f","0","0","0","0"
"","","0x7f200b30d810","      IMAD.MOV.U32 R43, RZ, RZ, R38","0","0","0","0"
"","","0x7f200b30d820","      CALL.REL.NOINC 0x7f200b30f060","0","0","0","0"
"","","0x7f200b30d830","      IMAD.MOV.U32 R33, RZ, RZ, R44","0","0","0","0"
"","","...","...","-","-","-","-"
"","","0x7f200b30d8a0","      IMAD.MOV.U32 R46, RZ, RZ, R39","0","0","0","0"
"","","...","...","-","-","-","-"
"","","0x7f200b30d930","      MOV R2, 0x2d90","0","0","0","0"
"","","...","...","-","-","-","-"
"","","0x7f200b30d960","      IMAD.MOV.U32 R44, RZ, RZ, 0x1f","0","0","0","0"
"","","0x7f200b30d970","      IMAD.MOV.U32 R43, RZ, RZ, R38","0","0","0","0"
"","","0x7f200b30d980","      CALL.REL.NOINC 0x7f200b30f060","0","0","0","0"
"","","0x7f200b30d990","      IMAD.MOV.U32 R33, RZ, RZ, R44","0","0","0","0"
"","","...","...","-","-","-","-"
"","","0x7f200b30da00","      IMAD.MOV.U32 R46, RZ, RZ, R42","0","0","0","0"
"","","...","...","-","-","-","-"
"","","0x7f200b30da80","      MOV R2, 0x2ee0","0","0","0","0"
"","","...","...","-","-","-","-"
"","","0x7f200b30dab0","      IMAD.MOV.U32 R44, RZ, RZ, 0x1f","0","0","0","0"
"","","0x7f200b30dac0","      IMAD.MOV.U32 R43, RZ, RZ, R38","0","0","0","0"
"","","0x7f200b30dad0","      CALL.REL.NOINC 0x7f200b30f060","0","0","0","0"
"","","0x7f200b30dae0","      IMAD.MOV.U32 R33, RZ, RZ, R44","0","0","0","0"
"","","...","...","-","-","-","-"
"","","0x7f200b30db50","      IMAD.MOV.U32 R46, RZ, RZ, R35","0","0","0","0"
"","","...","...","-","-","-","-"
"","","0x7f200b30dbb0","      MOV R2, 0x3040","0","0","0","0"
"","","...","...","-","-","-","-"
"","","0x7f200b30dc10","      IMAD.MOV.U32 R44, RZ, RZ, 0x1f","0","0","0","0"
"","","0x7f200b30dc20","      IMAD.MOV.U32 R43, RZ, RZ, R38","0","0","0","0"
"","","0x7f200b30dc30","      CALL.REL.NOINC 0x7f200b30f060","0","0","0","0"
"","","0x7f200b30dc40","      IMAD.MOV.U32 R33, RZ, RZ, R44","0","0","0","0"
"","","...","...","-","-","-","-"
"","","0x7f200b30dcb0","      IMAD.MOV.U32 R46, RZ, RZ, R39","0","0","0","0"
"","","...","...","-","-","-","-"
"","","0x7f200b30dd00","      MOV R2, 0x3190","0","0","0","0"
"","","...","...","-","-","-","-"
"","","0x7f200b30dd60","      IMAD.MOV.U32 R44, RZ, RZ, 0x1f","0","0","0","0"
"","","0x7f200b30dd70","      IMAD.MOV.U32 R43, RZ, RZ, R38","0","0","0","0"
"","","0x7f200b30dd80","      CALL.REL.NOINC 0x7f200b30f060","0","0","0","0"
"","","0x7f200b30dd90","      IMAD.MOV.U32 R33, RZ, RZ, R44","0","0","0","0"
"","","...","...","-","-","-","-"
"","","0x7f200b30de00","      IMAD.MOV.U32 R46, RZ, RZ, R40","0","0","0","0"
"","","...","...","-","-","-","-"
"","","0x7f200b30de50","      MOV R2, 0x32e0","0","0","0","0"
"","","...","...","-","-","-","-"
"","","0x7f200b30deb0","      IMAD.MOV.U32 R44, RZ, RZ, 0x1f","0","0","0","0"
"","","0x7f200b30dec0","      IMAD.MOV.U32 R43, RZ, RZ, R38","0","0","0","0"
"","","0x7f200b30ded0","      CALL.REL.NOINC 0x7f200b30f060","0","0","0","0"
"","","0x7f200b30dee0","      IMAD.MOV.U32 R33, RZ, RZ, R44","0","0","0","0"
"","","...","...","-","-","-","-"
"","","0x7f200b30df50","      IMAD.MOV.U32 R46, RZ, RZ, R42","0","0","0","0"
"","","...","...","-","-","-","-"
"","","0x7f200b30dfb0","      MOV R2, 0x3440","0","0","0","0"
"","","...","...","-","-","-","-"
"","","0x7f200b30e010","      IMAD.MOV.U32 R44, RZ, RZ, 0x1f","0","0","0","0"
"","","0x7f200b30e020","      IMAD.MOV.U32 R43, RZ, RZ, R38","0","0","0","0"
"","","0x7f200b30e030","      CALL.REL.NOINC 0x7f200b30f060","0","0","0","0"
"","","0x7f200b30e040","      IMAD.MOV.U32 R33, RZ, RZ, R44","0","0","0","0"
"","","...","...","-","-","-","-"
"","","0x7f200b30e0b0","      IMAD.MOV.U32 R46, RZ, RZ, R35","0","0","0","0"
"","","...","...","-","-","-","-"
"","","0x7f200b30e100","      MOV R2, 0x3590","0","0","0","0"
"","","...","...","-","-","-","-"
"","","0x7f200b30e160","      IMAD.MOV.U32 R44, RZ, RZ, 0x1f","0","0","0","0"
"","","0x7f200b30e170","      IMAD.MOV.U32 R43, RZ, RZ, R38","0","0","0","0"
"","","0x7f200b30e180","      CALL.REL.NOINC 0x7f200b30f060","0","0","0","0"
"","","0x7f200b30e190","      IMAD.MOV.U32 R33, RZ, RZ, R44","0","0","0","0"
"","","...","...","-","-","-","-"
"","","0x7f200b30e200","      IMAD.MOV.U32 R46, RZ, RZ, R39","0","0","0","0"
"","","...","...","-","-","-","-"
"","","0x7f200b30e250","      MOV R2, 0x36e0","0","0","0","0"
"","","...","...","-","-","-","-"
"","","0x7f200b30e2b0","      IMAD.MOV.U32 R44, RZ, RZ, 0x1f","0","0","0","0"
"","","0x7f200b30e2c0","      IMAD.MOV.U32 R43, RZ, RZ, R38","0","0","0","0"
"","","0x7f200b30e2d0","      CALL.REL.NOINC 0x7f200b30f060","0","0","0","0"
"","","0x7f200b30e2e0","      IMAD.MOV.U32 R33, RZ, RZ, R44","0","0","0","0"
"","","...","...","-","-","-","-"
"","","0x7f200b30e350","      IMAD.MOV.U32 R46, RZ, RZ, R41","0","0","0","0"
"","","...","...","-","-","-","-"
"","","0x7f200b30e3a0","      MOV R2, 0x3830","0","0","0","0"
"","","...","...","-","-","-","-"
"","","0x7f200b30e400","      IMAD.MOV.U32 R44, RZ, RZ, 0x1f","0","0","0","0"
"","","0x7f200b30e410","      IMAD.MOV.U32 R43, RZ, RZ, R38","0","0","0","0"
"","","0x7f200b30e420","      CALL.REL.NOINC 0x7f200b30f060","0","0","0","0"
"","","0x7f200b30e430","      IMAD.MOV.U32 R33, RZ, RZ, R44","0","0","0","0"
"","","...","...","-","-","-","-"
"","","0x7f200b30e4a0","      IMAD.MOV.U32 R46, RZ, RZ, R40","0","0","0","0"
"","","...","...","-","-","-","-"
"","","0x7f200b30e4f0","      MOV R2, 0x3980","0","0","0","0"
"","","...","...","-","-","-","-"
"","","0x7f200b30e550","      IMAD.MOV.U32 R44, RZ, RZ, 0x1f","0","0","0","0"
"","","0x7f200b30e560","      IMAD.MOV.U32 R43, RZ, RZ, R38","0","0","0","0"
"","","0x7f200b30e570","      CALL.REL.NOINC 0x7f200b30f060","0","0","0","0"
"","","0x7f200b30e580","      IMAD.MOV.U32 R33, RZ, RZ, R44","0","0","0","0"
"","","...","...","-","-","-","-"
"","","0x7f200b30e5f0","      IMAD.MOV.U32 R46, RZ, RZ, R42","0","0","0","0"
"","","...","...","-","-","-","-"
"","","0x7f200b30e640","      MOV R2, 0x3ad0","0","0","0","0"
"","","...","...","-","-","-","-"
"","","0x7f200b30e6a0","      IMAD.MOV.U32 R44, RZ, RZ, 0x1f","0","0","0","0"
"","","0x7f200b30e6b0","      IMAD.MOV.U32 R43, RZ, RZ, R38","0","0","0","0"
"","","0x7f200b30e6c0","      CALL.REL.NOINC 0x7f200b30f060","0","0","0","0"
"","","0x7f200b30e6d0","      IMAD.MOV.U32 R33, RZ, RZ, R44","0","0","0","0"
"","","...","...","-","-","-","-"
"","","0x7f200b30e740","      IMAD.MOV.U32 R46, RZ, RZ, R35","0","0","0","0"
"","","...","...","-","-","-","-"
"","","0x7f200b30e790","      MOV R2, 0x3c20","0","0","0","0"
"","","...","...","-","-","-","-"
"","","0x7f200b30e7f0","      IMAD.MOV.U32 R44, RZ, RZ, 0x1f","0","0","0","0"
"","","0x7f200b30e800","      IMAD.MOV.U32 R43, RZ, RZ, R38","0","0","0","0"
"","","0x7f200b30e810","      CALL.REL.NOINC 0x7f200b30f060","0","0","0","0"
"","","0x7f200b30e820","      IMAD.MOV.U32 R33, RZ, RZ, R44","0","0","0","0"
"","","...","...","-","-","-","-"
"","","0x7f200b30e890","      IMAD.MOV.U32 R46, RZ, RZ, R39","0","0","0","0"
"","","...","...","-","-","-","-"
"","","0x7f200b30e8e0","      MOV R2, 0x3d70","0","0","0","0"
"","","...","...","-","-","-","-"
"","","0x7f200b30e940","      IMAD.MOV.U32 R44, RZ, RZ, 0x1f","0","0","0","0"
"","","0x7f200b30e950","      IMAD.MOV.U32 R43, RZ, RZ, R38","0","0","0","0"
"","","0x7f200b30e960","      CALL.REL.NOINC 0x7f200b30f060","0","0","0","0"
"","","0x7f200b30e970","      IMAD.MOV.U32 R33, RZ, RZ, R44","0","0","0","0"
"","","...","...","-","-","-","-"
"","","0x7f200b30e9e0","      IMAD.MOV.U32 R46, RZ, RZ, R41","0","0","0","0"
"","","...","...","-","-","-","-"
"","","0x7f200b30ea80","      IMAD.MOV.U32 R44, RZ, RZ, 0x1f","0","0","0","0"
"","","...","...","-","-","-","-"
"","","0x7f200b30ead0","      IMAD.MOV.U32 R43, RZ, RZ, R48","0","0","0","0"
"","","...","...","-","-","-","-"
"","","0x7f200b30eaf0","      IMAD.MOV.U32 R38, RZ, RZ, R33","0","0","0","0"
"","","0x7f200b30eb00","      MOV R2, 0x3f20","0","0","0","0"
"","","0x7f200b30eb10","      CALL.REL.NOINC 0x7f200b30f060","0","0","0","0"
"","","0x7f200b30eb20","      IMAD.MOV.U32 R31, RZ, RZ, R44","0","0","0","0"
"","","...","...","-","-","-","-"
"","","0x7f200b30eb90","      IMAD.MOV.U32 R46, RZ, RZ, R40","0","0","0","0"
"","","...","...","-","-","-","-"
"","","0x7f200b30ebf0","      MOV R2, 0x4050","0","0","0","0"
"","","...","...","-","-","-","-"
"","","0x7f200b30ec20","      IMAD.MOV.U32 R44, RZ, RZ, 0x1f","0","0","0","0"
"","","0x7f200b30ec30","      IMAD.MOV.U32 R43, RZ, RZ, R48","0","0","0","0"
"","","0x7f200b30ec40","      CALL.REL.NOINC 0x7f200b30f060","0","0","0","0"
"","","0x7f200b30ec50","      IMAD.MOV.U32 R31, RZ, RZ, R44","0","0","0","0"
"","","...","...","-","-","-","-"
"","","0x7f200b30ecc0","      IMAD.MOV.U32 R46, RZ, RZ, R42","0","0","0","0"
"","","...","...","-","-","-","-"
"","","0x7f200b30ed20","      MOV R2, 0x4180","0","0","0","0"
"","","...","...","-","-","-","-"
"","","0x7f200b30ed50","      IMAD.MOV.U32 R44, RZ, RZ, 0x1f","0","0","0","0"
"","","0x7f200b30ed60","      IMAD.MOV.U32 R43, RZ, RZ, R48","0","0","0","0"
"","","0x7f200b30ed70","      CALL.REL.NOINC 0x7f200b30f060","0","0","0","0"
"","","0x7f200b30ed80","      IMAD.MOV.U32 R31, RZ, RZ, R44","0","0","0","0"
"","","...","...","-","-","-","-"
"","","0x7f200b30edf0","      IMAD.MOV.U32 R46, RZ, RZ, R35","0","0","0","0"
"","","...","...","-","-","-","-"
"","","0x7f200b30ee50","      MOV R2, 0x42b0","0","0","0","0"
"","","...","...","-","-","-","-"
"","","0x7f200b30ee80","      IMAD.MOV.U32 R44, RZ, RZ, 0x1f","0","0","0","0"
"","","0x7f200b30ee90","      IMAD.MOV.U32 R43, RZ, RZ, R40","0","0","0","0"
"","","0x7f200b30eea0","      CALL.REL.NOINC 0x7f200b30f060","0","0","0","0"
"","","0x7f200b30eeb0","      IMAD.MOV.U32 R31, RZ, RZ, R44","0","0","0","0"
"","","...","...","-","-","-","-"
"","","0x7f200b30ef20","      IMAD.MOV.U32 R46, RZ, RZ, R39","0","0","0","0"
"","","...","...","-","-","-","-"
"","","0x7f200b30ef80","      MOV R2, 0x43e0","0","0","0","0"
"","","...","...","-","-","-","-"
"","","0x7f200b30efb0","      IMAD.MOV.U32 R44, RZ, RZ, 0x1f","0","0","0","0"
"","","0x7f200b30efc0","      IMAD.MOV.U32 R43, RZ, RZ, R40","0","0","0","0"
"","","0x7f200b30efd0","      CALL.REL.NOINC 0x7f200b30f060","0","0","0","0"
